Week_End_Date,Product_ID,Qty_Sold,Inventory,On_Order,Returns,Discount
2023-01-07,TE001,69,504,129,3,20
2023-01-14,TE001,73,509,240,2,10
2023-01-21,TE001,61,492,189,4,5
2023-01-28,TE001,51,483,80,3,5
2023-02-04,TE001,69,495,195,2,15
2023-02-11,TE001,56,503,135,1,10
2023-02-18,TE001,48,473,272,3,5
2023-02-25,TE001,58,474,221,1,10
2023-03-04,TE001,75,488,288,4,10
2023-03-11,TE001,53,470,131,1,0
2023-03-18,TE001,48,471,57,2,10
2023-03-25,TE001,44,487,139,2,5
2023-04-01,TE001,55,483,213,4,20
2023-04-08,TE001,57,476,120,2,15
2023-04-15,TE001,45,490,167,3,10
2023-04-22,TE001,56,461,53,3,10
2023-04-29,TE001,46,482,65,3,10
2023-05-06,TE001,50,449,252,1,10
2023-05-13,TE001,42,457,91,1,5
2023-05-20,TE001,67,476,112,2,15
2023-05-27,TE001,41,478,217,1,20
2023-06-03,TE001,69,475,114,4,20
2023-06-10,TE001,85,464,224,5,15
2023-06-17,TE001,90,453,247,3,15
2023-06-24,TE001,61,437,228,3,20
2023-07-01,TE001,66,452,239,1,15
2023-07-08,TE001,66,436,226,1,5
2023-07-15,TE001,94,442,106,7,0
2023-07-22,TE001,98,434,195,6,15
2023-07-29,TE001,97,453,51,7,5
2023-08-05,TE001,61,434,239,1,0
2023-08-12,TE001,77,431,87,4,5
2023-08-19,TE001,61,417,76,1,20
2023-08-26,TE001,62,445,166,2,10
2023-09-02,TE001,51,423,154,2,5
2023-09-09,TE001,71,433,92,4,0
2023-09-16,TE001,43,416,211,2,15
2023-09-23,TE001,71,418,187,1,10
2023-09-30,TE001,56,422,65,2,20
2023-10-07,TE001,71,402,152,5,10
2023-10-14,TE001,71,415,237,2,0
2023-10-21,TE001,51,436,153,1,5
2023-10-28,TE001,52,423,92,1,0
2023-11-04,TE001,48,431,183,2,5
2023-11-11,TE001,50,407,164,1,10
2023-11-18,TE001,58,412,178,4,20
2023-11-25,TE001,75,404,74,3,20
2023-12-02,TE001,62,426,114,4,15
2023-12-09,TE001,66,396,279,2,0
2023-12-16,TE001,52,400,63,1,15
2023-12-23,TE001,57,385,295,3,10
2023-12-30,TE001,71,399,78,1,15
2024-01-06,TE001,74,378,278,1,10
2024-01-13,TE001,75,402,74,3,15
2024-01-20,TE001,54,373,265,2,10
2024-01-27,TE001,54,395,259,3,15
2024-02-03,TE001,71,370,177,2,5
2024-02-10,TE001,57,387,212,3,10
2024-02-17,TE001,69,399,254,3,10
2024-02-24,TE001,53,390,65,3,20
2024-03-02,TE001,45,373,159,2,15
2024-03-09,TE001,59,363,132,3,10
2024-03-16,TE001,44,396,89,1,5
2024-03-23,TE001,68,392,126,4,0
2024-03-30,TE001,49,365,276,2,5
2024-04-06,TE001,54,365,227,3,10
2024-04-13,TE001,74,358,128,5,20
2024-04-20,TE001,46,357,100,3,10
2024-04-27,TE001,49,378,252,2,10
2024-05-04,TE001,74,354,156,5,5
2024-05-11,TE001,50,352,67,3,15
2024-05-18,TE001,60,343,264,2,10
2024-05-25,TE001,45,337,88,2,10
2024-06-01,TE001,67,369,149,4,20
2024-06-08,TE001,85,362,297,3,5
2024-06-15,TE001,66,367,255,2,10
2024-06-22,TE001,78,360,299,5,0
2024-06-29,TE001,68,344,77,3,20
2024-07-06,TE001,57,344,174,1,0
2024-07-13,TE001,96,323,273,7,20
2024-07-20,TE001,71,350,62,5,15
2024-07-27,TE001,92,339,78,1,0
2024-08-03,TE001,61,345,276,4,20
2024-08-10,TE001,86,334,274,5,15
2024-08-17,TE001,70,341,237,1,0
2024-08-24,TE001,63,341,212,2,15
2024-08-31,TE001,81,346,187,2,10
2024-09-07,TE001,50,315,251,3,15
2024-09-14,TE001,60,306,278,2,15
2024-09-21,TE001,48,326,55,1,5
2024-09-28,TE001,59,334,67,3,10
2024-10-05,TE001,63,326,119,1,0
2024-10-12,TE001,72,296,279,2,5
2024-10-19,TE001,54,304,252,2,5
2024-10-26,TE001,46,311,188,2,5
2024-11-02,TE001,53,324,95,1,0
2024-11-09,TE001,47,328,65,1,20
2024-11-16,TE001,67,311,232,3,10
2024-11-23,TE001,73,305,130,4,10
2024-11-30,TE001,51,295,95,1,10
2024-12-07,TE001,67,285,64,1,15
2024-12-14,TE001,52,288,174,1,5
2024-12-21,TE001,63,286,123,4,0
2024-12-28,TE001,59,306,294,1,5
2023-01-07,TE002,47,481,187,1,10
2023-01-14,TE002,33,509,280,1,10
2023-01-21,TE002,28,500,217,2,5
2023-01-28,TE002,36,479,226,1,5
2023-02-04,TE002,30,475,135,0,20
2023-02-11,TE002,29,508,54,2,15
2023-02-18,TE002,35,488,262,2,10
2023-02-25,TE002,34,489,231,2,10
2023-03-04,TE002,43,494,160,1,20
2023-03-11,TE002,29,462,254,2,20
2023-03-18,TE002,40,467,154,2,0
2023-03-25,TE002,40,458,222,2,10
2023-04-01,TE002,47,476,297,1,0
2023-04-08,TE002,49,465,166,1,10
2023-04-15,TE002,30,485,78,2,15
2023-04-22,TE002,37,463,275,1,10
2023-04-29,TE002,32,471,273,2,5
2023-05-06,TE002,41,459,261,1,5
2023-05-13,TE002,29,455,291,1,0
2023-05-20,TE002,39,462,192,0,0
2023-05-27,TE002,37,475,224,1,5
2023-06-03,TE002,59,469,82,2,15
2023-06-10,TE002,60,449,243,3,15
2023-06-17,TE002,51,466,139,1,5
2023-06-24,TE002,51,455,100,1,0
2023-07-01,TE002,60,447,198,2,5
2023-07-08,TE002,66,452,281,4,0
2023-07-15,TE002,68,447,190,3,10
2023-07-22,TE002,51,453,193,2,20
2023-07-29,TE002,43,437,249,3,15
2023-08-05,TE002,67,428,140,4,20
2023-08-12,TE002,43,419,100,2,10
2023-08-19,TE002,43,424,271,1,5
2023-08-26,TE002,59,430,242,4,5
2023-09-02,TE002,44,450,189,3,20
2023-09-09,TE002,42,414,66,2,5
2023-09-16,TE002,31,419,258,2,10
2023-09-23,TE002,46,409,257,2,5
2023-09-30,TE002,36,404,212,2,10
2023-10-07,TE002,49,413,295,3,5
2023-10-14,TE002,29,415,105,2,5
2023-10-21,TE002,39,422,149,1,15
2023-10-28,TE002,34,430,282,2,5
2023-11-04,TE002,41,434,90,2,10
2023-11-11,TE002,46,431,51,0,10
2023-11-18,TE002,43,399,185,0,15
2023-11-25,TE002,30,408,222,0,0
2023-12-02,TE002,30,413,164,2,10
2023-12-09,TE002,49,390,76,3,15
2023-12-16,TE002,37,409,145,1,10
2023-12-23,TE002,50,402,206,2,10
2023-12-30,TE002,45,408,257,1,20
2024-01-06,TE002,32,400,199,2,10
2024-01-13,TE002,48,392,72,3,10
2024-01-20,TE002,39,398,74,1,20
2024-01-27,TE002,48,376,204,1,10
2024-02-03,TE002,41,376,223,3,15
2024-02-10,TE002,41,368,192,2,10
2024-02-17,TE002,44,386,63,3,0
2024-02-24,TE002,28,391,244,0,10
2024-03-02,TE002,40,374,76,2,0
2024-03-09,TE002,35,383,208,1,10
2024-03-16,TE002,44,391,291,2,15
2024-03-23,TE002,40,369,254,1,5
2024-03-30,TE002,44,364,76,1,5
2024-04-06,TE002,31,389,206,0,0
2024-04-13,TE002,31,362,92,1,15
2024-04-20,TE002,27,378,80,1,5
2024-04-27,TE002,47,381,104,2,15
2024-05-04,TE002,35,343,134,2,20
2024-05-11,TE002,34,345,156,1,20
2024-05-18,TE002,48,378,263,3,20
2024-05-25,TE002,41,373,134,3,0
2024-06-01,TE002,48,358,62,2,15
2024-06-08,TE002,41,347,90,2,15
2024-06-15,TE002,38,353,69,2,10
2024-06-22,TE002,40,355,144,2,15
2024-06-29,TE002,65,340,85,2,5
2024-07-06,TE002,56,359,280,3,10
2024-07-13,TE002,70,347,109,3,0
2024-07-20,TE002,56,346,167,1,20
2024-07-27,TE002,60,350,206,2,5
2024-08-03,TE002,59,348,201,4,5
2024-08-10,TE002,59,347,134,4,0
2024-08-17,TE002,62,325,291,4,5
2024-08-24,TE002,50,316,292,1,10
2024-08-31,TE002,55,324,167,3,15
2024-09-07,TE002,36,340,261,1,5
2024-09-14,TE002,33,337,168,1,10
2024-09-21,TE002,48,325,71,1,10
2024-09-28,TE002,39,312,155,1,10
2024-10-05,TE002,29,304,96,1,10
2024-10-12,TE002,37,303,250,1,10
2024-10-19,TE002,33,326,146,2,0
2024-10-26,TE002,44,306,145,1,10
2024-11-02,TE002,46,312,222,3,0
2024-11-09,TE002,47,313,243,2,10
2024-11-16,TE002,48,297,282,2,5
2024-11-23,TE002,34,296,298,2,20
2024-11-30,TE002,40,310,227,1,20
2024-12-07,TE002,28,289,252,1,0
2024-12-14,TE002,47,300,230,3,15
2024-12-21,TE002,48,294,290,2,10
2024-12-28,TE002,35,284,165,2,10
2023-01-07,TE003,27,517,288,0,15
2023-01-14,TE003,44,498,102,1,0
2023-01-21,TE003,33,501,244,1,0
2023-01-28,TE003,35,490,168,1,5
2023-02-04,TE003,34,479,248,1,5
2023-02-11,TE003,40,487,206,2,15
2023-02-18,TE003,48,495,295,2,0
2023-02-25,TE003,41,466,65,3,15
2023-03-04,TE003,29,486,251,1,5
2023-03-11,TE003,29,472,268,1,5
2023-03-18,TE003,50,472,154,1,10
2023-03-25,TE003,45,497,80,3,5
2023-04-01,TE003,41,458,187,2,15
2023-04-08,TE003,34,494,236,0,15
2023-04-15,TE003,49,484,128,3,5
2023-04-22,TE003,32,476,145,2,15
2023-04-29,TE003,48,479,291,3,5
2023-05-06,TE003,43,469,95,2,10
2023-05-13,TE003,46,477,266,2,20
2023-05-20,TE003,48,443,245,3,0
2023-05-27,TE003,41,456,292,2,15
2023-06-03,TE003,64,472,65,1,5
2023-06-10,TE003,63,445,199,4,20
2023-06-17,TE003,38,456,72,2,15
2023-06-24,TE003,49,441,225,2,20
2023-07-01,TE003,58,458,179,3,5
2023-07-08,TE003,66,457,252,1,10
2023-07-15,TE003,65,460,128,2,20
2023-07-22,TE003,58,442,95,3,10
2023-07-29,TE003,40,441,83,2,0
2023-08-05,TE003,48,421,175,3,20
2023-08-12,TE003,69,446,207,2,20
2023-08-19,TE003,59,416,72,2,20
2023-08-26,TE003,41,451,220,2,0
2023-09-02,TE003,42,418,179,2,15
2023-09-09,TE003,39,425,231,2,15
2023-09-16,TE003,45,438,62,1,5
2023-09-23,TE003,49,444,76,1,5
2023-09-30,TE003,37,435,241,2,0
2023-10-07,TE003,37,432,110,2,10
2023-10-14,TE003,42,417,118,3,20
2023-10-21,TE003,49,414,183,2,0
2023-10-28,TE003,46,407,115,1,5
2023-11-04,TE003,38,414,99,1,5
2023-11-11,TE003,29,394,128,1,10
2023-11-18,TE003,42,407,250,0,5
2023-11-25,TE003,34,404,91,1,10
2023-12-02,TE003,42,402,165,2,10
2023-12-09,TE003,48,418,172,1,5
2023-12-16,TE003,34,394,106,2,0
2023-12-23,TE003,31,395,91,2,5
2023-12-30,TE003,48,390,129,3,15
2024-01-06,TE003,39,383,223,2,15
2024-01-13,TE003,46,395,139,1,20
2024-01-20,TE003,27,402,297,0,20
2024-01-27,TE003,28,381,263,1,0
2024-02-03,TE003,30,399,131,1,0
2024-02-10,TE003,35,404,182,1,10
2024-02-17,TE003,27,372,210,1,10
2024-02-24,TE003,34,379,275,1,10
2024-03-02,TE003,29,372,290,1,20
2024-03-09,TE003,29,390,202,1,10
2024-03-16,TE003,32,369,215,0,20
2024-03-23,TE003,36,381,82,2,10
2024-03-30,TE003,30,384,231,1,0
2024-04-06,TE003,39,387,299,1,15
2024-04-13,TE003,32,364,133,0,5
2024-04-20,TE003,30,359,222,1,20
2024-04-27,TE003,28,353,249,1,5
2024-05-04,TE003,37,358,107,1,20
2024-05-11,TE003,40,359,154,3,5
2024-05-18,TE003,49,375,237,2,15
2024-05-25,TE003,43,338,84,2,20
2024-06-01,TE003,38,352,280,2,5
2024-06-08,TE003,45,371,284,0,0
2024-06-15,TE003,46,365,204,3,0
2024-06-22,TE003,48,340,265,1,20
2024-06-29,TE003,53,339,290,2,0
2024-07-06,TE003,50,359,290,2,0
2024-07-13,TE003,53,324,201,4,15
2024-07-20,TE003,47,331,111,2,10
2024-07-27,TE003,58,342,136,2,5
2024-08-03,TE003,69,343,196,2,10
2024-08-10,TE003,67,324,234,4,15
2024-08-17,TE003,41,320,117,1,10
2024-08-24,TE003,58,339,101,3,15
2024-08-31,TE003,49,312,114,3,15
2024-09-07,TE003,45,308,205,1,10
2024-09-14,TE003,49,306,251,0,5
2024-09-21,TE003,35,321,220,1,10
2024-09-28,TE003,47,328,56,3,10
2024-10-05,TE003,38,336,87,1,20
2024-10-12,TE003,39,301,250,1,20
2024-10-19,TE003,30,319,132,1,5
2024-10-26,TE003,35,316,125,2,5
2024-11-02,TE003,44,318,203,1,5
2024-11-09,TE003,45,298,187,2,10
2024-11-16,TE003,35,321,209,1,15
2024-11-23,TE003,40,298,210,1,15
2024-11-30,TE003,48,314,124,3,15
2024-12-07,TE003,35,296,143,1,20
2024-12-14,TE003,48,286,109,2,5
2024-12-21,TE003,46,296,162,1,0
2024-12-28,TE003,42,309,295,3,20
2023-01-07,TE004,57,482,214,2,10
2023-01-14,TE004,65,517,165,2,15
2023-01-21,TE004,46,486,83,1,15
2023-01-28,TE004,54,481,145,2,5
2023-02-04,TE004,45,511,202,2,5
2023-02-11,TE004,76,481,238,2,5
2023-02-18,TE004,83,494,64,4,5
2023-02-25,TE004,59,496,183,4,10
2023-03-04,TE004,79,486,151,2,0
2023-03-11,TE004,52,467,259,3,20
2023-03-18,TE004,50,467,297,3,15
2023-03-25,TE004,78,469,120,2,0
2023-04-01,TE004,59,456,279,2,10
2023-04-08,TE004,62,470,270,4,15
2023-04-15,TE004,67,465,237,4,5
2023-04-22,TE004,51,486,109,1,20
2023-04-29,TE004,49,472,161,2,5
2023-05-06,TE004,83,474,292,1,0
2023-05-13,TE004,76,445,206,2,10
2023-05-20,TE004,66,463,145,5,15
2023-05-27,TE004,66,466,231,4,5
2023-06-03,TE004,46,468,222,2,10
2023-06-10,TE004,52,448,114,1,5
2023-06-17,TE004,56,451,104,3,15
2023-06-24,TE004,62,458,84,2,5
2023-07-01,TE004,44,435,180,3,0
2023-07-08,TE004,76,450,53,5,20
2023-07-15,TE004,66,440,66,4,0
2023-07-22,TE004,48,456,57,1,20
2023-07-29,TE004,69,450,148,3,20
2023-08-05,TE004,82,455,274,4,0
2023-08-12,TE004,45,431,248,2,0
2023-08-19,TE004,52,422,205,1,20
2023-08-26,TE004,78,448,219,3,15
2023-09-02,TE004,78,443,190,2,5
2023-09-09,TE004,59,448,171,2,10
2023-09-16,TE004,69,423,144,5,0
2023-09-23,TE004,66,411,261,2,20
2023-09-30,TE004,64,407,109,2,10
2023-10-07,TE004,45,409,267,1,0
2023-10-14,TE004,60,421,124,1,20
2023-10-21,TE004,71,421,135,1,15
2023-10-28,TE004,69,408,141,4,20
2023-11-04,TE004,56,434,217,1,20
2023-11-11,TE004,61,423,135,3,10
2023-11-18,TE004,73,390,237,2,5
2023-11-25,TE004,72,424,94,5,15
2023-12-02,TE004,71,398,285,4,5
2023-12-09,TE004,63,395,113,3,10
2023-12-16,TE004,48,421,159,3,5
2023-12-23,TE004,82,414,280,3,10
2023-12-30,TE004,65,393,98,3,10
2024-01-06,TE004,73,409,108,3,20
2024-01-13,TE004,58,374,144,2,0
2024-01-20,TE004,73,380,127,4,20
2024-01-27,TE004,77,370,72,3,20
2024-02-03,TE004,75,393,71,4,15
2024-02-10,TE004,68,386,177,3,20
2024-02-17,TE004,82,376,299,2,20
2024-02-24,TE004,77,390,97,3,0
2024-03-02,TE004,78,379,124,4,0
2024-03-09,TE004,69,397,102,2,20
2024-03-16,TE004,63,360,283,4,10
2024-03-23,TE004,74,384,83,3,0
2024-03-30,TE004,82,377,202,6,15
2024-04-06,TE004,64,365,115,4,5
2024-04-13,TE004,64,375,261,2,15
2024-04-20,TE004,68,375,154,4,20
2024-04-27,TE004,63,356,190,4,10
2024-05-04,TE004,79,375,136,3,5
2024-05-11,TE004,59,358,237,2,0
2024-05-18,TE004,49,374,253,2,5
2024-05-25,TE004,53,352,115,2,10
2024-06-01,TE004,72,353,113,2,5
2024-06-08,TE004,57,341,131,2,20
2024-06-15,TE004,58,349,199,2,5
2024-06-22,TE004,79,328,98,6,5
2024-06-29,TE004,73,356,81,2,10
2024-07-06,TE004,70,335,246,3,15
2024-07-13,TE004,61,362,103,3,20
2024-07-20,TE004,56,320,113,2,0
2024-07-27,TE004,61,344,158,4,5
2024-08-03,TE004,51,354,272,1,20
2024-08-10,TE004,60,335,186,3,20
2024-08-17,TE004,72,352,168,3,0
2024-08-24,TE004,58,336,273,3,15
2024-08-31,TE004,67,335,265,3,0
2024-09-07,TE004,81,338,67,4,15
2024-09-14,TE004,76,328,176,4,15
2024-09-21,TE004,80,306,240,5,5
2024-09-28,TE004,48,301,205,2,15
2024-10-05,TE004,55,310,222,4,20
2024-10-12,TE004,56,297,281,2,20
2024-10-19,TE004,61,321,284,3,20
2024-10-26,TE004,69,310,128,1,10
2024-11-02,TE004,81,300,250,2,5
2024-11-09,TE004,61,294,238,1,5
2024-11-16,TE004,59,315,204,2,20
2024-11-23,TE004,76,303,241,5,0
2024-11-30,TE004,53,318,212,2,10
2024-12-07,TE004,55,293,150,2,15
2024-12-14,TE004,76,318,174,5,15
2024-12-21,TE004,57,314,207,2,15
2024-12-28,TE004,77,288,105,5,5
2023-01-07,TE005,95,520,239,6,5
2023-01-14,TE005,95,495,54,6,15
2023-01-21,TE005,73,510,255,2,5
2023-01-28,TE005,84,499,112,5,20
2023-02-04,TE005,91,474,143,2,15
2023-02-11,TE005,84,487,58,2,0
2023-02-18,TE005,99,489,210,2,20
2023-02-25,TE005,74,472,89,4,15
2023-03-04,TE005,80,472,131,5,10
2023-03-11,TE005,93,500,85,3,15
2023-03-18,TE005,99,482,152,5,20
2023-03-25,TE005,95,481,257,2,5
2023-04-01,TE005,101,472,102,6,10
2023-04-08,TE005,109,492,55,7,10
2023-04-15,TE005,98,459,268,2,5
2023-04-22,TE005,105,474,83,3,10
2023-04-29,TE005,95,466,205,6,5
2023-05-06,TE005,96,462,113,3,0
2023-05-13,TE005,112,445,175,3,20
2023-05-20,TE005,72,452,141,5,15
2023-05-27,TE005,105,474,257,7,15
2023-06-03,TE005,91,440,51,3,0
2023-06-10,TE005,78,442,124,3,10
2023-06-17,TE005,82,438,80,3,20
2023-06-24,TE005,104,458,170,5,0
2023-07-01,TE005,73,455,94,4,5
2023-07-08,TE005,106,441,298,5,15
2023-07-15,TE005,81,458,78,4,10
2023-07-22,TE005,88,439,180,3,0
2023-07-29,TE005,88,428,193,4,15
2023-08-05,TE005,111,459,269,7,10
2023-08-12,TE005,100,420,208,6,20
2023-08-19,TE005,114,419,142,4,10
2023-08-26,TE005,69,437,179,1,20
2023-09-02,TE005,108,414,101,8,10
2023-09-09,TE005,101,426,295,5,5
2023-09-16,TE005,84,445,137,5,5
2023-09-23,TE005,104,411,89,7,5
2023-09-30,TE005,93,426,246,6,0
2023-10-07,TE005,78,412,192,2,10
2023-10-14,TE005,103,432,204,2,20
2023-10-21,TE005,110,438,200,4,10
2023-10-28,TE005,66,430,91,2,15
2023-11-04,TE005,67,415,288,3,5
2023-11-11,TE005,73,421,111,4,20
2023-11-18,TE005,63,396,108,2,5
2023-11-25,TE005,89,400,249,5,15
2023-12-02,TE005,100,404,63,7,10
2023-12-09,TE005,91,409,234,3,15
2023-12-16,TE005,94,411,221,2,20
2023-12-23,TE005,105,394,123,6,5
2023-12-30,TE005,72,411,79,3,0
2024-01-06,TE005,109,381,145,6,0
2024-01-13,TE005,107,391,254,6,20
2024-01-20,TE005,77,374,189,3,15
2024-01-27,TE005,100,397,263,5,10
2024-02-03,TE005,67,403,209,5,15
2024-02-10,TE005,103,371,195,4,15
2024-02-17,TE005,87,403,245,1,0
2024-02-24,TE005,79,378,156,5,20
2024-03-02,TE005,73,375,212,4,15
2024-03-09,TE005,87,370,108,4,20
2024-03-16,TE005,96,388,117,4,20
2024-03-23,TE005,93,390,71,2,20
2024-03-30,TE005,69,389,262,3,5
2024-04-06,TE005,86,384,74,1,0
2024-04-13,TE005,74,350,106,1,0
2024-04-20,TE005,94,361,279,6,10
2024-04-27,TE005,112,351,147,4,15
2024-05-04,TE005,69,359,285,5,5
2024-05-11,TE005,98,342,160,4,15
2024-05-18,TE005,96,338,61,5,0
2024-05-25,TE005,87,372,272,6,15
2024-06-01,TE005,62,360,169,2,20
2024-06-08,TE005,90,359,63,4,20
2024-06-15,TE005,84,333,55,2,10
2024-06-22,TE005,76,362,184,5,15
2024-06-29,TE005,93,330,214,3,15
2024-07-06,TE005,71,344,171,5,10
2024-07-13,TE005,109,327,170,2,5
2024-07-20,TE005,67,345,238,4,20
2024-07-27,TE005,84,341,175,6,20
2024-08-03,TE005,86,345,167,2,0
2024-08-10,TE005,63,342,105,3,15
2024-08-17,TE005,88,348,216,3,5
2024-08-24,TE005,102,329,232,7,15
2024-08-31,TE005,101,315,231,3,5
2024-09-07,TE005,88,314,166,3,0
2024-09-14,TE005,82,327,194,1,20
2024-09-21,TE005,76,315,283,1,5
2024-09-28,TE005,92,325,232,4,10
2024-10-05,TE005,92,321,63,2,10
2024-10-12,TE005,94,309,133,3,10
2024-10-19,TE005,108,319,130,8,10
2024-10-26,TE005,71,293,212,1,0
2024-11-02,TE005,104,328,146,7,20
2024-11-09,TE005,112,294,297,3,20
2024-11-16,TE005,75,310,254,3,5
2024-11-23,TE005,112,312,251,3,5
2024-11-30,TE005,97,312,152,6,5
2024-12-07,TE005,64,296,291,1,10
2024-12-14,TE005,64,298,184,4,0
2024-12-21,TE005,113,306,80,3,20
2024-12-28,TE005,76,311,293,4,0
2023-01-07,TE006,98,495,216,4,15
2023-01-14,TE006,87,487,169,2,20
2023-01-21,TE006,78,495,112,6,10
2023-01-28,TE006,76,494,67,2,5
2023-02-04,TE006,115,494,254,3,15
2023-02-11,TE006,106,488,169,2,20
2023-02-18,TE006,114,468,149,3,5
2023-02-25,TE006,109,483,138,5,0
2023-03-04,TE006,109,468,258,6,15
2023-03-11,TE006,84,469,53,2,10
2023-03-18,TE006,96,460,286,6,0
2023-03-25,TE006,105,483,266,2,10
2023-04-01,TE006,115,496,229,9,15
2023-04-08,TE006,131,483,181,2,5
2023-04-15,TE006,99,484,294,5,20
2023-04-22,TE006,95,479,98,3,20
2023-04-29,TE006,105,457,183,3,20
2023-05-06,TE006,123,468,131,3,0
2023-05-13,TE006,149,480,110,3,20
2023-05-20,TE006,122,475,153,4,5
2023-05-27,TE006,91,458,71,2,5
2023-06-03,TE006,92,451,270,4,15
2023-06-10,TE006,114,438,106,6,15
2023-06-17,TE006,127,444,107,3,5
2023-06-24,TE006,141,443,105,3,0
2023-07-01,TE006,114,460,59,2,10
2023-07-08,TE006,94,455,296,3,0
2023-07-15,TE006,70,459,266,5,0
2023-07-22,TE006,92,455,201,4,0
2023-07-29,TE006,63,438,211,4,15
2023-08-05,TE006,77,457,56,1,5
2023-08-12,TE006,113,458,143,4,0
2023-08-19,TE006,82,422,108,2,15
2023-08-26,TE006,67,453,56,4,10
2023-09-02,TE006,82,440,159,1,10
2023-09-09,TE006,89,430,204,2,20
2023-09-16,TE006,111,415,272,4,15
2023-09-23,TE006,106,442,62,4,5
2023-09-30,TE006,76,415,241,3,10
2023-10-07,TE006,82,416,254,4,10
2023-10-14,TE006,74,412,103,2,5
2023-10-21,TE006,114,411,150,8,15
2023-10-28,TE006,82,396,169,5,15
2023-11-04,TE006,93,419,241,7,15
2023-11-11,TE006,79,426,95,5,15
2023-11-18,TE006,110,418,68,5,15
2023-11-25,TE006,95,421,97,4,20
2023-12-02,TE006,90,408,242,5,10
2023-12-09,TE006,82,396,185,4,20
2023-12-16,TE006,114,409,169,7,0
2023-12-23,TE006,87,400,146,5,0
2023-12-30,TE006,95,413,236,4,20
2024-01-06,TE006,113,387,241,6,5
2024-01-13,TE006,95,405,205,3,5
2024-01-20,TE006,68,398,80,4,20
2024-01-27,TE006,90,387,210,4,10
2024-02-03,TE006,106,408,252,4,5
2024-02-10,TE006,73,390,111,1,20
2024-02-17,TE006,72,387,99,1,15
2024-02-24,TE006,90,380,88,2,5
2024-03-02,TE006,75,361,148,5,10
2024-03-09,TE006,75,365,82,5,10
2024-03-16,TE006,113,383,91,4,20
2024-03-23,TE006,62,364,199,1,0
2024-03-30,TE006,69,392,247,2,0
2024-04-06,TE006,113,388,253,3,0
2024-04-13,TE006,100,376,239,3,0
2024-04-20,TE006,146,354,154,10,5
2024-04-27,TE006,86,357,211,3,10
2024-05-04,TE006,109,360,280,2,15
2024-05-11,TE006,111,353,295,7,20
2024-05-18,TE006,97,343,56,2,10
2024-05-25,TE006,142,353,96,6,0
2024-06-01,TE006,120,352,253,7,5
2024-06-08,TE006,81,372,191,3,0
2024-06-15,TE006,145,351,269,5,20
2024-06-22,TE006,107,344,175,6,5
2024-06-29,TE006,129,355,204,5,0
2024-07-06,TE006,67,359,126,3,5
2024-07-13,TE006,96,326,84,3,10
2024-07-20,TE006,115,341,117,8,0
2024-07-27,TE006,63,349,195,1,5
2024-08-03,TE006,88,352,169,6,20
2024-08-10,TE006,100,323,285,3,20
2024-08-17,TE006,83,331,255,5,0
2024-08-24,TE006,76,350,224,4,10
2024-08-31,TE006,102,308,275,5,20
2024-09-07,TE006,102,322,275,2,20
2024-09-14,TE006,96,311,103,7,5
2024-09-21,TE006,84,320,151,2,10
2024-09-28,TE006,84,325,180,5,5
2024-10-05,TE006,103,303,203,5,15
2024-10-12,TE006,104,324,60,4,15
2024-10-19,TE006,110,333,286,7,15
2024-10-26,TE006,111,311,245,2,5
2024-11-02,TE006,79,327,267,2,15
2024-11-09,TE006,77,317,205,2,15
2024-11-16,TE006,71,295,138,3,0
2024-11-23,TE006,91,303,124,6,10
2024-11-30,TE006,100,307,68,3,15
2024-12-07,TE006,80,311,234,4,10
2024-12-14,TE006,90,316,156,3,5
2024-12-21,TE006,106,314,230,7,20
2024-12-28,TE006,111,294,56,3,15
2023-01-07,TE007,33,503,154,1,5
2023-01-14,TE007,23,490,237,0,20
2023-01-21,TE007,23,516,179,1,15
2023-01-28,TE007,21,476,56,0,15
2023-02-04,TE007,36,493,82,1,10
2023-02-11,TE007,34,507,200,2,0
2023-02-18,TE007,21,471,122,0,0
2023-02-25,TE007,31,467,118,1,10
2023-03-04,TE007,37,474,192,2,15
2023-03-11,TE007,37,500,186,1,15
2023-03-18,TE007,25,478,222,1,5
2023-03-25,TE007,26,464,244,1,20
2023-04-01,TE007,21,458,121,1,15
2023-04-08,TE007,36,462,220,1,5
2023-04-15,TE007,36,469,197,1,0
2023-04-22,TE007,33,481,277,1,20
2023-04-29,TE007,36,462,114,0,15
2023-05-06,TE007,31,448,85,2,10
2023-05-13,TE007,33,458,103,2,20
2023-05-20,TE007,25,444,128,1,5
2023-05-27,TE007,25,475,283,0,0
2023-06-03,TE007,51,466,272,3,5
2023-06-10,TE007,45,473,271,3,10
2023-06-17,TE007,29,463,125,0,10
2023-06-24,TE007,37,464,61,2,20
2023-07-01,TE007,44,439,267,2,15
2023-07-08,TE007,37,438,163,1,5
2023-07-15,TE007,33,447,255,1,10
2023-07-22,TE007,41,429,193,2,20
2023-07-29,TE007,45,447,97,1,10
2023-08-05,TE007,50,428,299,1,20
2023-08-12,TE007,28,420,63,1,10
2023-08-19,TE007,29,424,267,2,0
2023-08-26,TE007,44,444,157,2,20
2023-09-02,TE007,32,440,177,2,5
2023-09-09,TE007,28,429,204,1,0
2023-09-16,TE007,36,425,249,1,0
2023-09-23,TE007,27,413,211,1,5
2023-09-30,TE007,22,419,270,0,0
2023-10-07,TE007,32,405,127,1,10
2023-10-14,TE007,21,421,168,1,10
2023-10-21,TE007,32,431,110,1,10
2023-10-28,TE007,27,428,285,1,0
2023-11-04,TE007,36,395,256,2,20
2023-11-11,TE007,20,430,262,1,20
2023-11-18,TE007,37,414,94,2,15
2023-11-25,TE007,25,422,174,1,20
2023-12-02,TE007,32,392,241,1,5
2023-12-09,TE007,21,401,172,1,15
2023-12-16,TE007,26,391,183,2,15
2023-12-23,TE007,37,416,117,0,15
2023-12-30,TE007,28,393,280,1,15
2024-01-06,TE007,30,391,108,1,15
2024-01-13,TE007,28,393,56,1,15
2024-01-20,TE007,31,386,293,2,0
2024-01-27,TE007,22,389,285,0,10
2024-02-03,TE007,32,368,269,1,10
2024-02-10,TE007,25,399,162,1,5
2024-02-17,TE007,22,377,175,1,0
2024-02-24,TE007,31,364,190,2,0
2024-03-02,TE007,23,390,289,0,10
2024-03-09,TE007,20,384,286,1,15
2024-03-16,TE007,21,396,86,1,20
2024-03-23,TE007,25,364,131,1,20
2024-03-30,TE007,20,381,248,1,15
2024-04-06,TE007,34,351,165,0,0
2024-04-13,TE007,37,373,94,2,20
2024-04-20,TE007,25,370,131,1,5
2024-04-27,TE007,24,351,204,1,0
2024-05-04,TE007,28,351,115,0,15
2024-05-11,TE007,37,344,83,1,0
2024-05-18,TE007,31,371,195,2,15
2024-05-25,TE007,34,362,101,0,20
2024-06-01,TE007,42,357,155,3,15
2024-06-08,TE007,34,364,245,0,20
2024-06-15,TE007,40,346,89,3,0
2024-06-22,TE007,39,332,202,2,0
2024-06-29,TE007,34,347,156,2,15
2024-07-06,TE007,39,356,263,2,20
2024-07-13,TE007,32,348,154,2,20
2024-07-20,TE007,39,334,284,1,15
2024-07-27,TE007,39,345,128,2,10
2024-08-03,TE007,38,332,165,1,5
2024-08-10,TE007,45,343,155,1,5
2024-08-17,TE007,48,351,254,2,10
2024-08-24,TE007,51,332,269,1,20
2024-08-31,TE007,31,341,163,0,0
2024-09-07,TE007,23,328,135,0,20
2024-09-14,TE007,24,315,51,0,20
2024-09-21,TE007,36,327,104,2,5
2024-09-28,TE007,37,336,105,1,15
2024-10-05,TE007,29,335,63,2,15
2024-10-12,TE007,32,301,149,0,0
2024-10-19,TE007,21,311,169,1,5
2024-10-26,TE007,35,297,143,1,15
2024-11-02,TE007,24,320,80,1,15
2024-11-09,TE007,23,304,195,0,5
2024-11-16,TE007,36,286,145,1,10
2024-11-23,TE007,20,302,118,1,10
2024-11-30,TE007,35,283,213,2,20
2024-12-07,TE007,32,299,291,1,5
2024-12-14,TE007,33,294,79,1,20
2024-12-21,TE007,35,306,134,2,5
2024-12-28,TE007,33,296,300,1,20
2023-01-07,TE008,65,506,106,4,10
2023-01-14,TE008,78,483,291,4,0
2023-01-21,TE008,51,503,233,2,10
2023-01-28,TE008,48,500,116,3,0
2023-02-04,TE008,63,476,177,1,15
2023-02-11,TE008,67,484,198,3,5
2023-02-18,TE008,48,470,77,1,0
2023-02-25,TE008,46,488,181,2,20
2023-03-04,TE008,60,478,235,2,5
2023-03-11,TE008,76,469,136,2,10
2023-03-18,TE008,55,496,116,3,10
2023-03-25,TE008,81,464,258,4,20
2023-04-01,TE008,80,457,295,4,0
2023-04-08,TE008,55,465,155,2,0
2023-04-15,TE008,58,468,278,2,0
2023-04-22,TE008,74,464,257,2,10
2023-04-29,TE008,70,480,184,3,10
2023-05-06,TE008,82,466,135,4,5
2023-05-13,TE008,65,472,188,1,15
2023-05-20,TE008,59,458,158,2,15
2023-05-27,TE008,46,463,151,1,15
2023-06-03,TE008,79,452,99,5,15
2023-06-10,TE008,47,456,117,1,15
2023-06-17,TE008,76,466,186,3,20
2023-06-24,TE008,56,434,180,2,5
2023-07-01,TE008,64,430,88,1,0
2023-07-08,TE008,83,447,208,5,15
2023-07-15,TE008,53,460,124,1,10
2023-07-22,TE008,84,430,119,5,10
2023-07-29,TE008,46,450,179,3,10
2023-08-05,TE008,63,437,75,3,10
2023-08-12,TE008,78,420,244,1,5
2023-08-19,TE008,63,448,122,4,15
2023-08-26,TE008,51,451,252,1,20
2023-09-02,TE008,50,424,255,3,20
2023-09-09,TE008,83,447,153,3,20
2023-09-16,TE008,54,427,278,3,0
2023-09-23,TE008,75,435,147,3,10
2023-09-30,TE008,80,426,93,1,15
2023-10-07,TE008,58,410,215,4,20
2023-10-14,TE008,82,410,89,5,0
2023-10-21,TE008,70,428,179,2,10
2023-10-28,TE008,83,397,78,4,15
2023-11-04,TE008,46,423,282,2,20
2023-11-11,TE008,55,399,262,3,0
2023-11-18,TE008,85,405,153,4,10
2023-11-25,TE008,52,409,196,1,20
2023-12-02,TE008,58,416,208,1,20
2023-12-09,TE008,79,390,122,2,15
2023-12-16,TE008,62,382,129,3,15
2023-12-23,TE008,85,403,75,3,20
2023-12-30,TE008,57,380,82,1,5
2024-01-06,TE008,60,380,184,3,5
2024-01-13,TE008,48,374,207,1,15
2024-01-20,TE008,47,393,295,1,20
2024-01-27,TE008,78,385,111,2,0
2024-02-03,TE008,84,393,199,5,0
2024-02-10,TE008,75,375,278,5,10
2024-02-17,TE008,78,400,169,3,0
2024-02-24,TE008,72,386,84,4,15
2024-03-02,TE008,82,396,92,3,20
2024-03-09,TE008,81,386,83,3,10
2024-03-16,TE008,47,386,269,1,5
2024-03-23,TE008,84,358,295,4,10
2024-03-30,TE008,77,366,91,3,15
2024-04-06,TE008,69,367,105,2,5
2024-04-13,TE008,84,356,154,1,0
2024-04-20,TE008,67,362,194,3,10
2024-04-27,TE008,66,352,115,2,10
2024-05-04,TE008,61,345,174,4,20
2024-05-11,TE008,62,363,194,4,10
2024-05-18,TE008,78,349,265,5,15
2024-05-25,TE008,85,340,177,6,5
2024-06-01,TE008,68,357,99,2,15
2024-06-08,TE008,63,355,103,2,5
2024-06-15,TE008,61,336,290,3,5
2024-06-22,TE008,72,343,294,2,10
2024-06-29,TE008,72,363,239,5,10
2024-07-06,TE008,78,350,230,3,0
2024-07-13,TE008,62,348,164,4,15
2024-07-20,TE008,64,330,67,1,10
2024-07-27,TE008,60,322,102,3,0
2024-08-03,TE008,51,352,91,3,10
2024-08-10,TE008,47,329,128,2,10
2024-08-17,TE008,65,322,105,2,0
2024-08-24,TE008,59,339,172,3,0
2024-08-31,TE008,55,330,272,2,20
2024-09-07,TE008,82,336,68,3,5
2024-09-14,TE008,67,314,212,4,0
2024-09-21,TE008,56,303,283,4,10
2024-09-28,TE008,59,305,240,4,0
2024-10-05,TE008,69,326,229,3,0
2024-10-12,TE008,69,298,135,5,5
2024-10-19,TE008,60,316,271,3,15
2024-10-26,TE008,66,328,287,3,10
2024-11-02,TE008,52,315,256,3,20
2024-11-09,TE008,80,301,80,4,0
2024-11-16,TE008,76,323,274,4,15
2024-11-23,TE008,77,287,136,3,0
2024-11-30,TE008,79,294,136,5,20
2024-12-07,TE008,60,304,136,4,0
2024-12-14,TE008,55,291,220,3,5
2024-12-21,TE008,65,286,64,4,10
2024-12-28,TE008,64,284,98,2,20
2023-01-07,TE009,116,508,137,2,10
2023-01-14,TE009,71,504,180,4,20
2023-01-21,TE009,68,480,143,5,5
2023-01-28,TE009,117,487,297,4,20
2023-02-04,TE009,100,490,63,5,10
2023-02-11,TE009,107,502,107,4,10
2023-02-18,TE009,74,495,94,4,0
2023-02-25,TE009,74,493,205,2,10
2023-03-04,TE009,108,468,281,3,10
2023-03-11,TE009,105,484,196,5,0
2023-03-18,TE009,80,490,223,4,15
2023-03-25,TE009,110,488,210,2,15
2023-04-01,TE009,65,486,254,3,5
2023-04-08,TE009,91,474,146,5,0
2023-04-15,TE009,67,484,292,2,10
2023-04-22,TE009,71,472,98,4,20
2023-04-29,TE009,79,473,216,5,5
2023-05-06,TE009,95,448,235,7,5
2023-05-13,TE009,88,479,207,6,20
2023-05-20,TE009,121,460,104,8,15
2023-05-27,TE009,90,457,65,2,10
2023-06-03,TE009,104,473,74,6,15
2023-06-10,TE009,82,446,190,2,5
2023-06-17,TE009,116,439,241,2,20
2023-06-24,TE009,115,462,269,4,5
2023-07-01,TE009,114,448,131,7,10
2023-07-08,TE009,85,457,212,4,20
2023-07-15,TE009,87,434,152,6,10
2023-07-22,TE009,83,439,73,6,20
2023-07-29,TE009,68,447,104,1,10
2023-08-05,TE009,114,426,199,8,20
2023-08-12,TE009,66,426,117,4,15
2023-08-19,TE009,77,419,183,2,0
2023-08-26,TE009,103,434,257,5,0
2023-09-02,TE009,87,426,103,2,15
2023-09-09,TE009,94,420,221,2,15
2023-09-16,TE009,72,435,187,1,15
2023-09-23,TE009,121,424,232,4,0
2023-09-30,TE009,101,419,70,2,20
2023-10-07,TE009,79,404,155,3,0
2023-10-14,TE009,68,422,51,4,0
2023-10-21,TE009,108,426,179,4,5
2023-10-28,TE009,118,430,115,6,20
2023-11-04,TE009,84,421,232,2,0
2023-11-11,TE009,75,426,173,3,5
2023-11-18,TE009,98,394,224,6,0
2023-11-25,TE009,108,421,80,4,10
2023-12-02,TE009,92,419,273,5,0
2023-12-09,TE009,86,394,158,3,5
2023-12-16,TE009,65,417,138,3,20
2023-12-23,TE009,91,397,272,4,5
2023-12-30,TE009,95,390,161,4,15
2024-01-06,TE009,106,413,283,3,5
2024-01-13,TE009,104,387,245,4,0
2024-01-20,TE009,67,381,100,2,15
2024-01-27,TE009,103,395,176,3,5
2024-02-03,TE009,89,400,137,4,15
2024-02-10,TE009,101,395,280,4,5
2024-02-17,TE009,103,399,56,7,15
2024-02-24,TE009,108,394,65,4,0
2024-03-02,TE009,112,395,128,6,5
2024-03-09,TE009,97,389,51,2,10
2024-03-16,TE009,75,386,238,3,20
2024-03-23,TE009,101,354,131,2,0
2024-03-30,TE009,116,375,178,5,0
2024-04-06,TE009,99,380,88,6,0
2024-04-13,TE009,115,370,78,7,10
2024-04-20,TE009,69,376,196,5,10
2024-04-27,TE009,70,359,202,3,15
2024-05-04,TE009,114,371,240,5,5
2024-05-11,TE009,91,375,102,3,15
2024-05-18,TE009,96,359,261,3,20
2024-05-25,TE009,103,366,216,2,5
2024-06-01,TE009,110,361,191,5,5
2024-06-08,TE009,86,338,267,4,10
2024-06-15,TE009,100,334,227,4,0
2024-06-22,TE009,107,367,244,6,15
2024-06-29,TE009,85,337,51,1,0
2024-07-06,TE009,111,358,285,5,20
2024-07-13,TE009,106,362,175,4,10
2024-07-20,TE009,79,346,247,5,0
2024-07-27,TE009,97,343,68,6,20
2024-08-03,TE009,119,336,291,7,20
2024-08-10,TE009,75,318,196,5,5
2024-08-17,TE009,69,317,122,5,20
2024-08-24,TE009,90,318,104,4,0
2024-08-31,TE009,72,331,268,1,0
2024-09-07,TE009,104,316,136,4,5
2024-09-14,TE009,69,325,180,2,20
2024-09-21,TE009,93,307,142,7,15
2024-09-28,TE009,96,328,223,5,5
2024-10-05,TE009,120,301,154,2,15
2024-10-12,TE009,100,329,286,4,20
2024-10-19,TE009,110,305,218,8,15
2024-10-26,TE009,67,305,81,1,15
2024-11-02,TE009,122,304,207,8,10
2024-11-09,TE009,104,328,256,3,15
2024-11-16,TE009,105,302,118,5,20
2024-11-23,TE009,91,299,274,5,20
2024-11-30,TE009,108,287,94,6,0
2024-12-07,TE009,69,302,293,3,5
2024-12-14,TE009,101,286,235,5,15
2024-12-21,TE009,89,292,194,3,15
2024-12-28,TE009,101,284,171,3,10
2023-01-07,TE010,51,502,128,3,5
2023-01-14,TE010,77,495,157,1,20
2023-01-21,TE010,48,516,193,3,15
2023-01-28,TE010,47,486,189,2,5
2023-02-04,TE010,72,499,298,4,10
2023-02-11,TE010,78,481,139,3,5
2023-02-18,TE010,60,484,287,1,20
2023-02-25,TE010,78,488,266,4,10
2023-03-04,TE010,60,491,247,4,0
2023-03-11,TE010,77,499,218,1,15
2023-03-18,TE010,70,462,102,2,15
2023-03-25,TE010,46,483,119,1,15
2023-04-01,TE010,50,463,131,2,15
2023-04-08,TE010,80,457,300,5,15
2023-04-15,TE010,65,481,244,2,0
2023-04-22,TE010,75,463,250,1,0
2023-04-29,TE010,53,468,279,1,10
2023-05-06,TE010,51,455,240,1,0
2023-05-13,TE010,58,454,276,2,10
2023-05-20,TE010,53,452,130,1,20
2023-05-27,TE010,53,473,208,2,5
2023-06-03,TE010,65,442,51,2,10
2023-06-10,TE010,68,438,243,3,20
2023-06-17,TE010,77,459,170,2,20
2023-06-24,TE010,56,462,239,3,0
2023-07-01,TE010,78,467,242,2,15
2023-07-08,TE010,67,441,212,1,0
2023-07-15,TE010,68,461,168,3,20
2023-07-22,TE010,67,442,224,4,0
2023-07-29,TE010,72,430,256,5,5
2023-08-05,TE010,79,439,179,3,0
2023-08-12,TE010,63,432,200,3,5
2023-08-19,TE010,45,441,159,2,5
2023-08-26,TE010,59,427,272,4,10
2023-09-02,TE010,51,433,123,2,10
2023-09-09,TE010,61,419,295,4,5
2023-09-16,TE010,71,417,52,4,15
2023-09-23,TE010,55,409,178,1,20
2023-09-30,TE010,49,443,146,3,5
2023-10-07,TE010,47,409,105,3,0
2023-10-14,TE010,80,422,174,5,5
2023-10-21,TE010,44,427,120,1,0
2023-10-28,TE010,53,432,179,2,10
2023-11-04,TE010,55,404,179,2,10
2023-11-11,TE010,72,426,252,1,20
2023-11-18,TE010,75,390,216,3,5
2023-11-25,TE010,71,424,96,4,15
2023-12-02,TE010,70,399,300,5,20
2023-12-09,TE010,61,419,164,2,10
2023-12-16,TE010,77,418,153,4,10
2023-12-23,TE010,72,403,230,3,20
2023-12-30,TE010,52,383,68,2,15
2024-01-06,TE010,78,404,275,2,20
2024-01-13,TE010,56,398,182,1,5
2024-01-20,TE010,77,380,176,5,0
2024-01-27,TE010,73,398,291,4,20
2024-02-03,TE010,77,408,226,5,15
2024-02-10,TE010,53,393,66,3,5
2024-02-17,TE010,50,392,81,3,10
2024-02-24,TE010,70,362,158,3,5
2024-03-02,TE010,79,378,278,3,0
2024-03-09,TE010,68,391,61,4,10
2024-03-16,TE010,45,376,268,2,10
2024-03-23,TE010,70,378,181,2,20
2024-03-30,TE010,56,391,89,4,0
2024-04-06,TE010,70,368,272,2,5
2024-04-13,TE010,45,350,55,1,15
2024-04-20,TE010,51,354,116,2,10
2024-04-27,TE010,61,357,243,1,10
2024-05-04,TE010,78,369,99,3,0
2024-05-11,TE010,79,366,110,5,20
2024-05-18,TE010,70,372,103,4,10
2024-05-25,TE010,80,343,189,5,0
2024-06-01,TE010,63,348,212,2,15
2024-06-08,TE010,46,366,220,2,20
2024-06-15,TE010,46,354,70,2,10
2024-06-22,TE010,72,357,129,4,20
2024-06-29,TE010,75,341,80,5,20
2024-07-06,TE010,50,342,162,2,15
2024-07-13,TE010,57,337,238,4,5
2024-07-20,TE010,63,342,169,2,0
2024-07-27,TE010,44,336,101,0,5
2024-08-03,TE010,72,334,85,1,0
2024-08-10,TE010,76,330,119,4,0
2024-08-17,TE010,72,318,222,5,15
2024-08-24,TE010,67,330,193,2,0
2024-08-31,TE010,57,339,279,2,15
2024-09-07,TE010,44,335,280,1,0
2024-09-14,TE010,73,334,62,3,10
2024-09-21,TE010,62,342,159,2,0
2024-09-28,TE010,66,338,51,3,10
2024-10-05,TE010,57,304,110,1,20
2024-10-12,TE010,47,324,258,3,5
2024-10-19,TE010,66,322,141,4,15
2024-10-26,TE010,49,327,238,3,5
2024-11-02,TE010,76,300,72,4,15
2024-11-09,TE010,52,318,128,2,10
2024-11-16,TE010,45,303,207,1,15
2024-11-23,TE010,58,312,300,2,5
2024-11-30,TE010,80,302,55,3,15
2024-12-07,TE010,58,291,298,1,10
2024-12-14,TE010,72,294,137,3,5
2024-12-21,TE010,74,313,258,5,20
2024-12-28,TE010,50,296,276,1,5
2023-01-07,TE011,58,484,103,4,10
2023-01-14,TE011,71,505,181,3,0
2023-01-21,TE011,53,501,108,2,15
2023-01-28,TE011,67,476,97,3,0
2023-02-04,TE011,68,496,50,2,5
2023-02-11,TE011,79,474,298,5,20
2023-02-18,TE011,64,503,195,2,0
2023-02-25,TE011,56,487,193,3,0
2023-03-04,TE011,65,473,230,2,10
2023-03-11,TE011,73,482,135,3,20
2023-03-18,TE011,74,482,280,5,10
2023-03-25,TE011,58,494,103,2,20
2023-04-01,TE011,75,490,254,2,5
2023-04-08,TE011,113,488,121,8,15
2023-04-15,TE011,85,491,277,3,0
2023-04-22,TE011,103,470,123,2,10
2023-04-29,TE011,110,457,173,8,20
2023-05-06,TE011,91,476,93,5,20
2023-05-13,TE011,97,470,247,5,10
2023-05-20,TE011,102,457,248,3,0
2023-05-27,TE011,79,471,216,5,20
2023-06-03,TE011,72,456,243,3,15
2023-06-10,TE011,107,464,219,4,5
2023-06-17,TE011,90,448,90,1,5
2023-06-24,TE011,112,436,261,5,0
2023-07-01,TE011,93,440,91,2,0
2023-07-08,TE011,73,442,216,3,10
2023-07-15,TE011,52,456,92,3,10
2023-07-22,TE011,65,452,248,3,5
2023-07-29,TE011,74,438,61,3,5
2023-08-05,TE011,74,460,246,2,5
2023-08-12,TE011,65,421,79,4,10
2023-08-19,TE011,89,425,197,6,15
2023-08-26,TE011,61,444,121,4,0
2023-09-02,TE011,63,446,249,2,10
2023-09-09,TE011,51,415,205,2,0
2023-09-16,TE011,67,418,82,3,0
2023-09-23,TE011,79,444,268,4,10
2023-09-30,TE011,65,430,52,2,0
2023-10-07,TE011,62,425,291,1,20
2023-10-14,TE011,58,400,135,1,15
2023-10-21,TE011,70,428,200,4,20
2023-10-28,TE011,55,402,192,2,10
2023-11-04,TE011,86,400,128,5,5
2023-11-11,TE011,88,395,241,2,15
2023-11-18,TE011,92,418,157,6,10
2023-11-25,TE011,72,423,257,4,15
2023-12-02,TE011,50,409,250,1,20
2023-12-09,TE011,68,385,92,5,10
2023-12-16,TE011,73,406,256,5,10
2023-12-23,TE011,68,407,260,2,20
2023-12-30,TE011,89,403,95,6,15
2024-01-06,TE011,88,396,106,6,20
2024-01-13,TE011,88,395,75,5,5
2024-01-20,TE011,82,403,201,5,15
2024-01-27,TE011,90,401,109,4,20
2024-02-03,TE011,63,408,77,2,15
2024-02-10,TE011,82,377,87,6,5
2024-02-17,TE011,66,367,204,2,15
2024-02-24,TE011,57,391,191,3,5
2024-03-02,TE011,75,371,100,5,15
2024-03-09,TE011,63,385,193,1,0
2024-03-16,TE011,85,375,177,5,5
2024-03-23,TE011,51,387,267,2,20
2024-03-30,TE011,53,378,254,4,5
2024-04-06,TE011,69,375,299,4,0
2024-04-13,TE011,97,362,209,2,0
2024-04-20,TE011,89,375,143,4,5
2024-04-27,TE011,83,364,280,4,0
2024-05-04,TE011,102,370,113,2,5
2024-05-11,TE011,112,371,101,7,20
2024-05-18,TE011,106,346,149,4,20
2024-05-25,TE011,88,360,113,3,5
2024-06-01,TE011,111,359,212,2,20
2024-06-08,TE011,98,353,135,4,0
2024-06-15,TE011,120,337,260,4,15
2024-06-22,TE011,120,355,235,3,20
2024-06-29,TE011,80,348,208,3,0
2024-07-06,TE011,53,329,256,3,15
2024-07-13,TE011,53,350,96,3,10
2024-07-20,TE011,85,357,258,4,15
2024-07-27,TE011,81,338,100,1,15
2024-08-03,TE011,63,316,270,3,15
2024-08-10,TE011,58,339,230,3,0
2024-08-17,TE011,72,324,112,4,15
2024-08-24,TE011,85,319,56,6,15
2024-08-31,TE011,87,341,267,4,20
2024-09-07,TE011,92,314,195,2,0
2024-09-14,TE011,66,338,244,3,10
2024-09-21,TE011,71,319,240,2,5
2024-09-28,TE011,66,328,222,3,0
2024-10-05,TE011,56,333,62,3,0
2024-10-12,TE011,64,307,222,2,10
2024-10-19,TE011,92,306,73,5,20
2024-10-26,TE011,80,307,104,1,0
2024-11-02,TE011,91,294,157,5,20
2024-11-09,TE011,68,289,163,4,0
2024-11-16,TE011,92,317,94,3,5
2024-11-23,TE011,65,311,272,2,15
2024-11-30,TE011,65,307,270,1,15
2024-12-07,TE011,87,283,116,3,10
2024-12-14,TE011,64,292,181,4,15
2024-12-21,TE011,78,285,258,3,20
2024-12-28,TE011,62,310,147,4,5
2023-01-07,TE012,18,510,188,1,20
2023-01-14,TE012,26,487,83,1,15
2023-01-21,TE012,24,478,115,1,10
2023-01-28,TE012,24,487,131,0,10
2023-02-04,TE012,21,511,135,0,20
2023-02-11,TE012,24,476,89,1,5
2023-02-18,TE012,28,470,297,0,20
2023-02-25,TE012,24,496,152,1,15
2023-03-04,TE012,26,470,250,1,15
2023-03-11,TE012,18,471,221,1,10
2023-03-18,TE012,18,485,258,1,15
2023-03-25,TE012,28,458,175,0,15
2023-04-01,TE012,17,486,249,0,10
2023-04-08,TE012,21,471,267,0,0
2023-04-15,TE012,26,469,286,1,0
2023-04-22,TE012,29,467,115,2,10
2023-04-29,TE012,22,476,229,0,20
2023-05-06,TE012,23,451,175,0,20
2023-05-13,TE012,26,465,195,1,0
2023-05-20,TE012,21,464,64,1,0
2023-05-27,TE012,22,476,121,0,15
2023-06-03,TE012,27,471,255,1,20
2023-06-10,TE012,20,468,156,1,0
2023-06-17,TE012,24,464,126,0,15
2023-06-24,TE012,16,450,178,0,15
2023-07-01,TE012,24,436,192,1,20
2023-07-08,TE012,24,441,60,1,10
2023-07-15,TE012,28,432,206,0,20
2023-07-22,TE012,24,428,300,1,0
2023-07-29,TE012,20,437,163,1,5
2023-08-05,TE012,29,459,121,2,10
2023-08-12,TE012,23,449,54,1,0
2023-08-19,TE012,25,417,280,0,20
2023-08-26,TE012,23,453,250,1,20
2023-09-02,TE012,26,430,296,1,5
2023-09-09,TE012,24,434,297,1,15
2023-09-16,TE012,21,408,77,0,10
2023-09-23,TE012,19,429,75,0,15
2023-09-30,TE012,17,407,196,0,20
2023-10-07,TE012,26,417,221,1,0
2023-10-14,TE012,26,424,140,2,10
2023-10-21,TE012,27,436,154,1,0
2023-10-28,TE012,18,405,81,0,10
2023-11-04,TE012,16,429,297,0,10
2023-11-11,TE012,22,392,90,0,5
2023-11-18,TE012,18,424,125,1,10
2023-11-25,TE012,20,421,230,0,0
2023-12-02,TE012,22,406,185,1,10
2023-12-09,TE012,27,417,83,2,0
2023-12-16,TE012,20,409,156,1,5
2023-12-23,TE012,22,390,268,1,0
2023-12-30,TE012,24,378,189,1,20
2024-01-06,TE012,25,414,63,1,15
2024-01-13,TE012,18,393,122,1,20
2024-01-20,TE012,24,385,91,0,15
2024-01-27,TE012,18,409,51,0,15
2024-02-03,TE012,24,408,272,1,10
2024-02-10,TE012,19,402,296,0,15
2024-02-17,TE012,26,368,220,1,5
2024-02-24,TE012,20,373,156,0,5
2024-03-02,TE012,24,390,65,0,15
2024-03-09,TE012,28,369,231,1,20
2024-03-16,TE012,28,389,162,1,10
2024-03-23,TE012,24,363,288,1,0
2024-03-30,TE012,25,364,275,1,20
2024-04-06,TE012,17,355,66,0,15
2024-04-13,TE012,26,357,294,1,20
2024-04-20,TE012,24,383,163,1,20
2024-04-27,TE012,21,364,50,0,5
2024-05-04,TE012,27,346,118,1,15
2024-05-11,TE012,29,366,283,1,15
2024-05-18,TE012,28,352,166,1,15
2024-05-25,TE012,23,362,216,0,5
2024-06-01,TE012,25,347,58,1,20
2024-06-08,TE012,27,338,209,1,15
2024-06-15,TE012,17,369,272,1,20
2024-06-22,TE012,25,341,242,0,20
2024-06-29,TE012,25,347,207,1,10
2024-07-06,TE012,27,335,167,1,0
2024-07-13,TE012,25,331,78,1,20
2024-07-20,TE012,29,354,222,1,5
2024-07-27,TE012,20,328,296,1,15
2024-08-03,TE012,26,351,278,1,20
2024-08-10,TE012,25,351,171,0,20
2024-08-17,TE012,27,313,157,1,15
2024-08-24,TE012,26,333,156,0,10
2024-08-31,TE012,17,321,120,1,0
2024-09-07,TE012,29,308,268,0,15
2024-09-14,TE012,23,324,66,0,20
2024-09-21,TE012,20,335,91,0,10
2024-09-28,TE012,25,303,167,1,10
2024-10-05,TE012,16,299,299,0,5
2024-10-12,TE012,28,301,170,1,20
2024-10-19,TE012,27,332,142,1,10
2024-10-26,TE012,17,323,288,0,10
2024-11-02,TE012,28,314,283,0,0
2024-11-09,TE012,21,297,222,1,0
2024-11-16,TE012,25,309,169,1,10
2024-11-23,TE012,17,318,116,1,5
2024-11-30,TE012,19,302,143,1,5
2024-12-07,TE012,28,306,248,1,15
2024-12-14,TE012,26,283,209,0,0
2024-12-21,TE012,19,315,165,1,10
2024-12-28,TE012,18,274,243,1,10
2023-01-07,TE013,45,493,101,2,15
2023-01-14,TE013,31,508,292,2,15
2023-01-21,TE013,41,495,225,3,20
2023-01-28,TE013,30,506,62,1,20
2023-02-04,TE013,32,511,257,1,10
2023-02-11,TE013,26,506,110,2,10
2023-02-18,TE013,36,473,242,0,5
2023-02-25,TE013,36,505,250,2,10
2023-03-04,TE013,32,464,223,2,20
2023-03-11,TE013,41,496,218,2,10
2023-03-18,TE013,28,465,180,0,20
2023-03-25,TE013,39,484,104,1,0
2023-04-01,TE013,28,479,291,1,10
2023-04-08,TE013,39,455,223,1,10
2023-04-15,TE013,38,486,166,1,5
2023-04-22,TE013,26,484,128,1,5
2023-04-29,TE013,44,454,86,0,20
2023-05-06,TE013,43,458,294,3,5
2023-05-13,TE013,37,463,100,1,5
2023-05-20,TE013,26,474,83,2,10
2023-05-27,TE013,28,449,108,2,15
2023-06-03,TE013,38,465,146,2,10
2023-06-10,TE013,45,453,129,2,0
2023-06-17,TE013,25,441,177,1,10
2023-06-24,TE013,38,439,273,2,15
2023-07-01,TE013,29,430,109,0,20
2023-07-08,TE013,35,446,131,1,20
2023-07-15,TE013,30,435,83,0,10
2023-07-22,TE013,37,435,264,2,10
2023-07-29,TE013,41,452,186,3,5
2023-08-05,TE013,37,440,101,0,20
2023-08-12,TE013,30,418,234,0,10
2023-08-19,TE013,25,445,240,1,10
2023-08-26,TE013,28,424,219,0,10
2023-09-02,TE013,29,425,143,1,5
2023-09-09,TE013,41,449,228,3,15
2023-09-16,TE013,42,445,258,1,10
2023-09-23,TE013,34,440,125,1,5
2023-09-30,TE013,29,405,165,1,20
2023-10-07,TE013,26,436,181,1,0
2023-10-14,TE013,30,434,68,2,0
2023-10-21,TE013,34,403,197,1,10
2023-10-28,TE013,25,418,268,1,5
2023-11-04,TE013,29,416,264,1,20
2023-11-11,TE013,37,395,286,2,5
2023-11-18,TE013,25,422,144,1,0
2023-11-25,TE013,42,417,135,0,20
2023-12-02,TE013,34,423,194,1,0
2023-12-09,TE013,36,395,206,1,0
2023-12-16,TE013,38,413,118,1,15
2023-12-23,TE013,29,398,126,2,5
2023-12-30,TE013,30,383,63,1,10
2024-01-06,TE013,41,415,67,1,15
2024-01-13,TE013,35,380,115,1,5
2024-01-20,TE013,44,382,134,3,10
2024-01-27,TE013,36,389,289,1,5
2024-02-03,TE013,35,372,83,2,10
2024-02-10,TE013,30,385,284,1,10
2024-02-17,TE013,35,389,216,2,5
2024-02-24,TE013,33,400,84,1,0
2024-03-02,TE013,27,363,279,1,5
2024-03-09,TE013,38,364,237,1,5
2024-03-16,TE013,39,392,192,2,0
2024-03-23,TE013,28,391,206,0,0
2024-03-30,TE013,39,374,232,1,15
2024-04-06,TE013,28,376,88,1,10
2024-04-13,TE013,41,364,180,1,20
2024-04-20,TE013,42,358,235,2,15
2024-04-27,TE013,35,373,274,2,15
2024-05-04,TE013,28,369,224,1,10
2024-05-11,TE013,46,351,216,1,15
2024-05-18,TE013,39,377,61,0,5
2024-05-25,TE013,25,336,276,0,5
2024-06-01,TE013,27,362,286,1,0
2024-06-08,TE013,26,353,216,1,15
2024-06-15,TE013,25,368,181,1,20
2024-06-22,TE013,41,363,191,2,10
2024-06-29,TE013,30,334,293,1,5
2024-07-06,TE013,46,354,56,1,20
2024-07-13,TE013,40,350,190,2,20
2024-07-20,TE013,29,347,72,1,0
2024-07-27,TE013,43,336,76,3,0
2024-08-03,TE013,36,345,283,1,0
2024-08-10,TE013,27,354,172,2,0
2024-08-17,TE013,42,316,257,2,5
2024-08-24,TE013,45,349,124,1,0
2024-08-31,TE013,26,323,212,0,15
2024-09-07,TE013,46,334,67,3,20
2024-09-14,TE013,33,344,247,2,20
2024-09-21,TE013,33,324,284,1,20
2024-09-28,TE013,35,321,70,2,20
2024-10-05,TE013,41,308,159,1,5
2024-10-12,TE013,38,322,233,2,5
2024-10-19,TE013,27,325,188,2,0
2024-10-26,TE013,29,326,280,1,15
2024-11-02,TE013,42,294,135,1,10
2024-11-09,TE013,44,309,266,1,10
2024-11-16,TE013,38,321,129,2,20
2024-11-23,TE013,34,310,119,1,15
2024-11-30,TE013,39,301,96,1,20
2024-12-07,TE013,45,316,80,2,0
2024-12-14,TE013,28,286,253,1,10
2024-12-21,TE013,29,316,86,1,5
2024-12-28,TE013,38,313,205,2,10
2023-01-07,TE014,29,481,116,1,20
2023-01-14,TE014,26,495,168,1,0
2023-01-21,TE014,22,502,59,0,20
2023-01-28,TE014,24,502,222,1,15
2023-02-04,TE014,26,497,206,1,10
2023-02-11,TE014,19,497,120,0,5
2023-02-18,TE014,24,469,128,1,0
2023-02-25,TE014,25,469,103,1,5
2023-03-04,TE014,21,485,143,0,20
2023-03-11,TE014,20,486,250,1,5
2023-03-18,TE014,25,468,157,1,5
2023-03-25,TE014,27,464,130,1,20
2023-04-01,TE014,21,482,110,0,10
2023-04-08,TE014,31,460,107,1,5
2023-04-15,TE014,33,473,295,2,10
2023-04-22,TE014,32,489,260,1,5
2023-04-29,TE014,23,448,199,1,5
2023-05-06,TE014,33,463,204,2,15
2023-05-13,TE014,22,471,104,1,15
2023-05-20,TE014,21,445,166,1,15
2023-05-27,TE014,24,450,208,1,20
2023-06-03,TE014,45,438,136,1,5
2023-06-10,TE014,43,439,283,3,5
2023-06-17,TE014,38,441,228,2,20
2023-06-24,TE014,38,441,241,1,5
2023-07-01,TE014,26,430,289,0,5
2023-07-08,TE014,28,455,135,1,5
2023-07-15,TE014,42,441,170,2,0
2023-07-22,TE014,27,446,266,0,10
2023-07-29,TE014,43,456,112,2,20
2023-08-05,TE014,37,420,202,2,0
2023-08-12,TE014,28,441,73,1,5
2023-08-19,TE014,35,419,183,2,20
2023-08-26,TE014,29,435,214,0,10
2023-09-02,TE014,32,432,52,2,0
2023-09-09,TE014,28,435,192,1,0
2023-09-16,TE014,32,432,184,1,5
2023-09-23,TE014,19,446,228,0,10
2023-09-30,TE014,26,409,186,1,0
2023-10-07,TE014,28,411,61,1,10
2023-10-14,TE014,28,423,108,1,0
2023-10-21,TE014,33,433,272,1,20
2023-10-28,TE014,23,421,258,0,20
2023-11-04,TE014,20,429,247,0,0
2023-11-11,TE014,24,397,66,1,20
2023-11-18,TE014,25,393,289,1,20
2023-11-25,TE014,23,397,233,1,10
2023-12-02,TE014,30,414,279,1,0
2023-12-09,TE014,31,417,141,2,0
2023-12-16,TE014,27,386,171,1,0
2023-12-23,TE014,24,385,176,1,5
2023-12-30,TE014,27,388,179,0,15
2024-01-06,TE014,21,390,245,1,0
2024-01-13,TE014,23,377,182,1,0
2024-01-20,TE014,23,398,196,0,15
2024-01-27,TE014,24,410,136,1,10
2024-02-03,TE014,22,389,247,1,15
2024-02-10,TE014,29,384,110,2,15
2024-02-17,TE014,18,398,214,1,0
2024-02-24,TE014,25,369,297,1,0
2024-03-02,TE014,28,368,90,1,20
2024-03-09,TE014,33,374,180,2,0
2024-03-16,TE014,23,370,198,1,20
2024-03-23,TE014,26,381,78,1,0
2024-03-30,TE014,28,375,204,2,20
2024-04-06,TE014,28,359,267,1,10
2024-04-13,TE014,19,362,255,1,10
2024-04-20,TE014,24,381,299,0,15
2024-04-27,TE014,18,353,261,0,10
2024-05-04,TE014,21,367,130,0,5
2024-05-11,TE014,23,380,139,1,15
2024-05-18,TE014,21,367,239,1,10
2024-05-25,TE014,27,363,150,1,15
2024-06-01,TE014,32,357,286,1,5
2024-06-08,TE014,43,365,118,1,10
2024-06-15,TE014,44,344,237,2,15
2024-06-22,TE014,31,333,208,1,5
2024-06-29,TE014,33,328,111,1,5
2024-07-06,TE014,44,327,218,1,20
2024-07-13,TE014,34,339,126,1,5
2024-07-20,TE014,36,352,72,1,10
2024-07-27,TE014,33,336,129,1,15
2024-08-03,TE014,31,324,59,1,0
2024-08-10,TE014,37,349,156,1,0
2024-08-17,TE014,39,352,121,0,20
2024-08-24,TE014,43,336,215,3,10
2024-08-31,TE014,29,348,179,1,15
2024-09-07,TE014,26,337,160,1,5
2024-09-14,TE014,20,340,189,1,15
2024-09-21,TE014,27,330,208,0,0
2024-09-28,TE014,18,328,133,0,10
2024-10-05,TE014,22,314,218,0,15
2024-10-12,TE014,21,336,259,0,20
2024-10-19,TE014,30,324,146,1,0
2024-10-26,TE014,27,306,192,1,0
2024-11-02,TE014,24,307,66,1,10
2024-11-09,TE014,28,315,203,0,10
2024-11-16,TE014,25,299,128,1,0
2024-11-23,TE014,32,288,203,2,15
2024-11-30,TE014,29,300,272,0,10
2024-12-07,TE014,19,301,77,1,5
2024-12-14,TE014,19,289,212,0,20
2024-12-21,TE014,24,284,205,1,5
2024-12-28,TE014,20,283,170,1,5
2023-01-07,TE015,85,493,161,4,15
2023-01-14,TE015,90,512,262,2,20
2023-01-21,TE015,86,483,111,3,10
2023-01-28,TE015,96,488,59,3,10
2023-02-04,TE015,99,510,170,3,15
2023-02-11,TE015,91,483,89,4,15
2023-02-18,TE015,81,500,278,2,5
2023-02-25,TE015,99,499,240,4,0
2023-03-04,TE015,96,496,63,4,15
2023-03-11,TE015,92,480,61,1,0
2023-03-18,TE015,72,482,88,2,10
2023-03-25,TE015,74,478,227,3,5
2023-04-01,TE015,55,494,187,3,15
2023-04-08,TE015,67,491,192,3,0
2023-04-15,TE015,69,483,156,3,10
2023-04-22,TE015,89,454,284,5,5
2023-04-29,TE015,62,474,86,2,5
2023-05-06,TE015,76,482,121,4,10
2023-05-13,TE015,63,456,129,4,5
2023-05-20,TE015,96,442,213,4,10
2023-05-27,TE015,78,456,223,5,10
2023-06-03,TE015,76,460,212,3,5
2023-06-10,TE015,72,466,92,4,0
2023-06-17,TE015,72,447,235,4,15
2023-06-24,TE015,99,441,135,7,5
2023-07-01,TE015,99,467,237,4,10
2023-07-08,TE015,68,456,227,2,20
2023-07-15,TE015,98,428,143,2,15
2023-07-22,TE015,89,434,219,2,20
2023-07-29,TE015,81,457,289,1,10
2023-08-05,TE015,54,460,256,1,10
2023-08-12,TE015,89,432,102,3,0
2023-08-19,TE015,99,426,201,7,10
2023-08-26,TE015,90,444,161,2,15
2023-09-02,TE015,93,435,72,3,20
2023-09-09,TE015,77,421,255,2,20
2023-09-16,TE015,76,419,55,4,15
2023-09-23,TE015,74,406,133,1,10
2023-09-30,TE015,86,408,183,4,10
2023-10-07,TE015,86,434,83,2,0
2023-10-14,TE015,77,428,156,2,20
2023-10-21,TE015,58,436,298,4,10
2023-10-28,TE015,97,401,195,7,5
2023-11-04,TE015,53,431,103,3,20
2023-11-11,TE015,93,398,109,5,20
2023-11-18,TE015,68,423,198,4,5
2023-11-25,TE015,71,413,76,4,0
2023-12-02,TE015,82,396,229,3,10
2023-12-09,TE015,73,408,234,3,10
2023-12-16,TE015,96,400,112,4,15
2023-12-23,TE015,76,415,265,3,10
2023-12-30,TE015,73,417,123,1,0
2024-01-06,TE015,91,415,131,1,5
2024-01-13,TE015,59,403,177,1,10
2024-01-20,TE015,75,392,62,2,0
2024-01-27,TE015,58,399,168,2,15
2024-02-03,TE015,99,404,160,5,15
2024-02-10,TE015,68,373,252,3,5
2024-02-17,TE015,78,369,115,1,15
2024-02-24,TE015,63,364,90,1,0
2024-03-02,TE015,89,363,174,3,0
2024-03-09,TE015,78,394,164,5,15
2024-03-16,TE015,72,365,69,4,15
2024-03-23,TE015,60,358,158,4,0
2024-03-30,TE015,56,369,74,4,0
2024-04-06,TE015,80,367,238,3,20
2024-04-13,TE015,59,359,170,1,15
2024-04-20,TE015,98,357,53,6,20
2024-04-27,TE015,98,353,77,7,20
2024-05-04,TE015,55,368,81,2,0
2024-05-11,TE015,82,363,216,6,0
2024-05-18,TE015,71,359,58,2,0
2024-05-25,TE015,89,353,56,6,15
2024-06-01,TE015,82,365,139,5,0
2024-06-08,TE015,71,337,146,3,0
2024-06-15,TE015,67,333,116,4,10
2024-06-22,TE015,65,358,234,1,20
2024-06-29,TE015,95,331,223,4,10
2024-07-06,TE015,55,350,272,2,10
2024-07-13,TE015,55,360,154,3,10
2024-07-20,TE015,75,359,127,5,20
2024-07-27,TE015,67,332,203,1,20
2024-08-03,TE015,84,329,82,4,20
2024-08-10,TE015,58,314,244,3,0
2024-08-17,TE015,80,328,162,4,5
2024-08-24,TE015,75,348,243,1,0
2024-08-31,TE015,79,346,137,5,20
2024-09-07,TE015,70,325,121,3,0
2024-09-14,TE015,75,330,259,4,5
2024-09-21,TE015,58,305,90,2,10
2024-09-28,TE015,55,332,288,1,0
2024-10-05,TE015,58,309,84,2,20
2024-10-12,TE015,99,301,228,3,0
2024-10-19,TE015,65,315,293,2,20
2024-10-26,TE015,77,332,192,2,15
2024-11-02,TE015,56,320,187,1,10
2024-11-09,TE015,54,302,51,1,5
2024-11-16,TE015,58,304,217,2,0
2024-11-23,TE015,58,312,142,3,0
2024-11-30,TE015,94,299,284,7,0
2024-12-07,TE015,96,288,252,2,0
2024-12-14,TE015,85,296,266,2,5
2024-12-21,TE015,93,298,149,6,0
2024-12-28,TE015,98,276,242,7,15
2023-01-07,TE016,22,510,134,1,5
2023-01-14,TE016,15,502,111,0,20
2023-01-21,TE016,19,484,125,1,0
2023-01-28,TE016,22,480,137,0,20
2023-02-04,TE016,21,501,236,1,15
2023-02-11,TE016,16,506,296,0,5
2023-02-18,TE016,25,492,112,0,15
2023-02-25,TE016,15,476,190,1,5
2023-03-04,TE016,15,482,219,1,10
2023-03-11,TE016,14,478,61,0,0
2023-03-18,TE016,22,479,191,1,15
2023-03-25,TE016,17,469,93,0,20
2023-04-01,TE016,15,476,73,0,10
2023-04-08,TE016,17,478,168,0,15
2023-04-15,TE016,17,456,152,0,15
2023-04-22,TE016,21,482,287,1,15
2023-04-29,TE016,22,471,62,0,10
2023-05-06,TE016,14,482,279,0,5
2023-05-13,TE016,27,455,298,1,0
2023-05-20,TE016,18,479,92,1,0
2023-05-27,TE016,25,469,231,1,15
2023-06-03,TE016,16,445,297,0,0
2023-06-10,TE016,14,466,74,0,15
2023-06-17,TE016,18,472,133,0,20
2023-06-24,TE016,26,438,178,1,15
2023-07-01,TE016,15,432,70,0,5
2023-07-08,TE016,25,444,211,0,0
2023-07-15,TE016,23,428,162,0,20
2023-07-22,TE016,26,457,221,1,10
2023-07-29,TE016,22,432,151,1,5
2023-08-05,TE016,24,459,103,1,5
2023-08-12,TE016,15,457,294,0,20
2023-08-19,TE016,20,420,238,0,15
2023-08-26,TE016,15,450,162,1,0
2023-09-02,TE016,26,430,135,1,15
2023-09-09,TE016,15,428,179,0,20
2023-09-16,TE016,25,410,285,1,5
2023-09-23,TE016,18,426,238,0,10
2023-09-30,TE016,26,424,224,0,5
2023-10-07,TE016,16,426,187,0,0
2023-10-14,TE016,23,416,252,0,5
2023-10-21,TE016,20,414,71,1,0
2023-10-28,TE016,24,403,268,1,10
2023-11-04,TE016,23,434,185,1,5
2023-11-11,TE016,19,404,278,0,10
2023-11-18,TE016,24,390,165,1,15
2023-11-25,TE016,23,392,135,1,20
2023-12-02,TE016,16,421,272,0,10
2023-12-09,TE016,21,422,249,1,10
2023-12-16,TE016,26,405,203,1,5
2023-12-23,TE016,21,390,196,0,20
2023-12-30,TE016,26,399,114,1,5
2024-01-06,TE016,23,389,283,1,0
2024-01-13,TE016,22,376,194,1,20
2024-01-20,TE016,26,402,88,0,5
2024-01-27,TE016,17,375,197,0,10
2024-02-03,TE016,21,385,203,1,20
2024-02-10,TE016,23,395,87,1,15
2024-02-17,TE016,15,384,280,0,10
2024-02-24,TE016,17,372,295,1,20
2024-03-02,TE016,18,383,117,1,5
2024-03-09,TE016,26,393,152,1,5
2024-03-16,TE016,15,396,260,1,10
2024-03-23,TE016,21,380,133,0,5
2024-03-30,TE016,25,389,80,1,0
2024-04-06,TE016,20,350,258,0,15
2024-04-13,TE016,15,385,242,0,10
2024-04-20,TE016,19,381,180,0,20
2024-04-27,TE016,19,384,191,0,20
2024-05-04,TE016,18,360,154,0,20
2024-05-11,TE016,25,367,148,0,10
2024-05-18,TE016,17,356,179,0,20
2024-05-25,TE016,25,362,68,1,10
2024-06-01,TE016,23,336,238,1,15
2024-06-08,TE016,22,366,74,1,5
2024-06-15,TE016,22,361,195,0,20
2024-06-22,TE016,22,350,176,0,15
2024-06-29,TE016,20,356,63,0,5
2024-07-06,TE016,25,332,106,0,20
2024-07-13,TE016,22,326,146,1,0
2024-07-20,TE016,22,322,216,1,10
2024-07-27,TE016,24,319,64,1,10
2024-08-03,TE016,19,330,90,1,20
2024-08-10,TE016,25,321,267,0,20
2024-08-17,TE016,17,350,198,1,20
2024-08-24,TE016,20,332,208,1,15
2024-08-31,TE016,20,332,172,0,10
2024-09-07,TE016,15,312,281,1,10
2024-09-14,TE016,25,317,66,0,5
2024-09-21,TE016,16,307,56,0,15
2024-09-28,TE016,24,326,248,0,0
2024-10-05,TE016,26,314,224,2,15
2024-10-12,TE016,18,330,137,0,20
2024-10-19,TE016,23,316,170,0,10
2024-10-26,TE016,19,323,54,1,0
2024-11-02,TE016,18,317,130,0,0
2024-11-09,TE016,21,302,138,0,5
2024-11-16,TE016,25,324,141,0,20
2024-11-23,TE016,22,287,161,0,15
2024-11-30,TE016,23,283,89,1,20
2024-12-07,TE016,18,296,56,0,5
2024-12-14,TE016,21,306,286,0,20
2024-12-21,TE016,25,281,174,1,10
2024-12-28,TE016,26,291,206,0,0
2023-01-07,TE017,42,492,82,1,20
2023-01-14,TE017,36,494,187,1,20
2023-01-21,TE017,64,486,64,3,10
2023-01-28,TE017,49,498,61,3,20
2023-02-04,TE017,43,476,152,1,0
2023-02-11,TE017,42,470,115,3,15
2023-02-18,TE017,54,486,55,1,0
2023-02-25,TE017,41,475,253,2,20
2023-03-04,TE017,53,483,295,2,10
2023-03-11,TE017,55,496,194,2,0
2023-03-18,TE017,58,464,88,1,10
2023-03-25,TE017,45,476,176,3,0
2023-04-01,TE017,65,469,124,4,0
2023-04-08,TE017,75,482,297,1,0
2023-04-15,TE017,80,465,254,6,15
2023-04-22,TE017,50,457,230,2,15
2023-04-29,TE017,51,448,247,1,10
2023-05-06,TE017,77,453,299,6,15
2023-05-13,TE017,61,476,233,3,10
2023-05-20,TE017,54,473,186,4,5
2023-05-27,TE017,76,441,290,5,20
2023-06-03,TE017,79,462,73,5,20
2023-06-10,TE017,62,459,54,1,15
2023-06-17,TE017,58,443,52,1,0
2023-06-24,TE017,66,465,189,2,15
2023-07-01,TE017,43,442,211,2,0
2023-07-08,TE017,37,455,291,1,15
2023-07-15,TE017,37,434,67,2,10
2023-07-22,TE017,48,455,243,2,0
2023-07-29,TE017,42,458,218,1,5
2023-08-05,TE017,52,460,274,3,5
2023-08-12,TE017,51,452,266,3,15
2023-08-19,TE017,46,449,125,2,0
2023-08-26,TE017,55,443,114,1,5
2023-09-02,TE017,59,442,295,2,0
2023-09-09,TE017,58,443,159,4,20
2023-09-16,TE017,39,439,152,1,15
2023-09-23,TE017,53,418,250,3,15
2023-09-30,TE017,44,433,80,1,20
2023-10-07,TE017,35,406,78,1,10
2023-10-14,TE017,48,403,59,2,10
2023-10-21,TE017,39,430,295,2,0
2023-10-28,TE017,40,423,184,1,10
2023-11-04,TE017,56,400,158,2,10
2023-11-11,TE017,51,428,244,2,15
2023-11-18,TE017,52,420,296,2,5
2023-11-25,TE017,35,416,148,1,0
2023-12-02,TE017,61,406,256,2,5
2023-12-09,TE017,40,387,237,0,10
2023-12-16,TE017,43,397,266,1,10
2023-12-23,TE017,45,389,150,1,15
2023-12-30,TE017,49,405,56,2,15
2024-01-06,TE017,53,416,57,2,5
2024-01-13,TE017,54,377,226,1,15
2024-01-20,TE017,55,390,140,2,20
2024-01-27,TE017,39,407,236,1,15
2024-02-03,TE017,40,388,154,1,20
2024-02-10,TE017,36,395,162,2,0
2024-02-17,TE017,46,380,223,1,5
2024-02-24,TE017,57,382,163,3,5
2024-03-02,TE017,44,395,259,1,5
2024-03-09,TE017,59,392,88,1,20
2024-03-16,TE017,50,368,250,1,10
2024-03-23,TE017,46,381,103,3,5
2024-03-30,TE017,64,380,97,1,20
2024-04-06,TE017,48,351,200,3,10
2024-04-13,TE017,50,354,105,3,15
2024-04-20,TE017,81,385,204,1,15
2024-04-27,TE017,55,357,129,1,20
2024-05-04,TE017,71,354,237,4,0
2024-05-11,TE017,55,355,65,1,0
2024-05-18,TE017,62,354,63,2,10
2024-05-25,TE017,51,367,55,3,20
2024-06-01,TE017,74,353,241,4,5
2024-06-08,TE017,81,353,188,6,15
2024-06-15,TE017,54,364,300,1,5
2024-06-22,TE017,66,334,92,3,15
2024-06-29,TE017,77,357,95,6,10
2024-07-06,TE017,39,347,217,0,5
2024-07-13,TE017,45,322,108,2,15
2024-07-20,TE017,57,348,210,1,10
2024-07-27,TE017,64,349,68,3,0
2024-08-03,TE017,37,342,131,2,15
2024-08-10,TE017,58,323,83,4,15
2024-08-17,TE017,46,342,130,1,5
2024-08-24,TE017,42,347,258,2,0
2024-08-31,TE017,42,345,84,0,5
2024-09-07,TE017,61,316,210,4,15
2024-09-14,TE017,56,334,101,4,20
2024-09-21,TE017,42,334,223,3,20
2024-09-28,TE017,50,338,245,2,0
2024-10-05,TE017,52,336,274,2,10
2024-10-12,TE017,44,322,90,3,20
2024-10-19,TE017,60,313,223,2,15
2024-10-26,TE017,53,300,70,2,5
2024-11-02,TE017,59,297,237,3,0
2024-11-09,TE017,57,303,124,1,5
2024-11-16,TE017,42,287,80,1,0
2024-11-23,TE017,63,310,190,2,10
2024-11-30,TE017,61,288,227,1,5
2024-12-07,TE017,61,299,166,2,15
2024-12-14,TE017,35,289,126,1,10
2024-12-21,TE017,38,309,202,2,10
2024-12-28,TE017,51,290,205,2,20
2023-01-07,TE018,70,516,200,1,20
2023-01-14,TE018,68,506,150,3,15
2023-01-21,TE018,49,484,53,2,5
2023-01-28,TE018,66,513,271,3,5
2023-02-04,TE018,63,492,215,4,5
2023-02-11,TE018,69,494,203,4,15
2023-02-18,TE018,68,481,116,2,10
2023-02-25,TE018,83,502,91,6,0
2023-03-04,TE018,78,464,253,2,0
2023-03-11,TE018,55,486,203,2,5
2023-03-18,TE018,51,500,58,2,10
2023-03-25,TE018,73,461,137,3,10
2023-04-01,TE018,72,478,101,5,10
2023-04-08,TE018,79,482,155,5,0
2023-04-15,TE018,80,459,288,4,0
2023-04-22,TE018,48,458,179,3,0
2023-04-29,TE018,47,474,119,3,15
2023-05-06,TE018,57,468,74,4,10
2023-05-13,TE018,51,447,160,2,10
2023-05-20,TE018,60,451,268,1,20
2023-05-27,TE018,74,461,215,3,20
2023-06-03,TE018,48,442,117,2,10
2023-06-10,TE018,50,466,86,2,15
2023-06-17,TE018,60,447,110,3,15
2023-06-24,TE018,49,469,168,3,0
2023-07-01,TE018,49,458,260,2,15
2023-07-08,TE018,80,464,153,6,5
2023-07-15,TE018,83,465,159,5,5
2023-07-22,TE018,74,428,144,2,10
2023-07-29,TE018,66,454,235,4,5
2023-08-05,TE018,74,443,136,2,5
2023-08-12,TE018,59,441,257,3,20
2023-08-19,TE018,62,451,232,1,20
2023-08-26,TE018,79,438,205,4,10
2023-09-02,TE018,63,423,76,2,20
2023-09-09,TE018,73,428,96,4,15
2023-09-16,TE018,76,439,239,4,10
2023-09-23,TE018,67,413,113,3,15
2023-09-30,TE018,48,444,64,3,20
2023-10-07,TE018,70,432,189,2,0
2023-10-14,TE018,48,434,121,1,5
2023-10-21,TE018,46,411,212,1,5
2023-10-28,TE018,78,431,178,1,15
2023-11-04,TE018,64,428,58,2,10
2023-11-11,TE018,56,410,148,2,0
2023-11-18,TE018,56,401,108,4,0
2023-11-25,TE018,68,398,227,1,20
2023-12-02,TE018,64,395,190,2,0
2023-12-09,TE018,74,419,214,3,0
2023-12-16,TE018,50,410,262,2,0
2023-12-23,TE018,64,392,101,3,15
2023-12-30,TE018,77,394,113,5,20
2024-01-06,TE018,78,401,102,2,5
2024-01-13,TE018,68,382,99,4,0
2024-01-20,TE018,46,386,190,3,20
2024-01-27,TE018,55,410,219,4,20
2024-02-03,TE018,65,392,61,2,15
2024-02-10,TE018,80,380,187,6,5
2024-02-17,TE018,47,389,177,3,15
2024-02-24,TE018,59,386,236,4,15
2024-03-02,TE018,64,382,271,5,20
2024-03-09,TE018,76,359,132,1,5
2024-03-16,TE018,78,365,276,3,5
2024-03-23,TE018,57,367,171,3,5
2024-03-30,TE018,73,391,60,2,20
2024-04-06,TE018,61,386,166,3,0
2024-04-13,TE018,74,374,202,1,0
2024-04-20,TE018,76,356,169,2,0
2024-04-27,TE018,49,376,209,2,15
2024-05-04,TE018,48,353,119,3,10
2024-05-11,TE018,53,380,82,2,20
2024-05-18,TE018,74,343,126,3,20
2024-05-25,TE018,73,372,248,2,10
2024-06-01,TE018,51,339,54,2,15
2024-06-08,TE018,84,334,189,3,5
2024-06-15,TE018,47,330,104,1,5
2024-06-22,TE018,64,349,220,3,5
2024-06-29,TE018,53,344,298,3,20
2024-07-06,TE018,62,330,147,1,0
2024-07-13,TE018,72,340,162,5,20
2024-07-20,TE018,46,358,152,2,15
2024-07-27,TE018,73,333,150,4,20
2024-08-03,TE018,62,325,131,2,10
2024-08-10,TE018,75,344,157,4,5
2024-08-17,TE018,74,329,153,5,0
2024-08-24,TE018,77,347,220,6,20
2024-08-31,TE018,61,346,223,1,10
2024-09-07,TE018,76,318,225,5,15
2024-09-14,TE018,72,307,87,4,20
2024-09-21,TE018,82,340,212,3,5
2024-09-28,TE018,74,340,66,3,10
2024-10-05,TE018,75,319,172,4,20
2024-10-12,TE018,46,298,171,1,10
2024-10-19,TE018,50,311,113,2,10
2024-10-26,TE018,81,310,177,3,0
2024-11-02,TE018,71,309,260,4,0
2024-11-09,TE018,79,316,161,3,5
2024-11-16,TE018,63,287,104,4,15
2024-11-23,TE018,51,303,143,2,15
2024-11-30,TE018,55,292,139,3,5
2024-12-07,TE018,62,286,297,3,5
2024-12-14,TE018,82,295,259,4,10
2024-12-21,TE018,55,309,153,1,20
2024-12-28,TE018,52,297,81,3,20
2023-01-07,TE019,108,481,118,7,0
2023-01-14,TE019,110,484,67,5,15
2023-01-21,TE019,100,493,73,7,0
2023-01-28,TE019,85,494,183,5,10
2023-02-04,TE019,65,493,298,2,20
2023-02-11,TE019,71,498,282,5,20
2023-02-18,TE019,63,508,102,2,20
2023-02-25,TE019,64,487,123,4,20
2023-03-04,TE019,86,497,66,6,0
2023-03-11,TE019,83,498,162,1,20
2023-03-18,TE019,79,480,238,5,0
2023-03-25,TE019,79,488,115,1,20
2023-04-01,TE019,142,460,154,6,0
2023-04-08,TE019,150,489,192,6,20
2023-04-15,TE019,108,485,220,3,0
2023-04-22,TE019,98,477,81,3,20
2023-04-29,TE019,104,487,170,5,15
2023-05-06,TE019,110,484,77,5,20
2023-05-13,TE019,138,468,279,10,20
2023-05-20,TE019,117,458,285,7,5
2023-05-27,TE019,150,457,134,10,15
2023-06-03,TE019,139,468,281,7,0
2023-06-10,TE019,132,470,266,7,0
2023-06-17,TE019,101,446,157,3,10
2023-06-24,TE019,145,466,82,11,20
2023-07-01,TE019,101,454,211,4,5
2023-07-08,TE019,79,463,277,2,0
2023-07-15,TE019,76,456,120,3,5
2023-07-22,TE019,115,459,113,4,0
2023-07-29,TE019,85,444,241,4,20
2023-08-05,TE019,110,444,227,6,15
2023-08-12,TE019,114,438,181,8,15
2023-08-19,TE019,74,445,67,5,0
2023-08-26,TE019,83,441,130,2,5
2023-09-02,TE019,98,428,284,4,0
2023-09-09,TE019,84,427,280,3,15
2023-09-16,TE019,81,414,243,3,20
2023-09-23,TE019,100,446,72,7,0
2023-09-30,TE019,116,412,72,6,10
2023-10-07,TE019,73,421,128,2,20
2023-10-14,TE019,76,438,223,5,5
2023-10-21,TE019,115,419,266,4,15
2023-10-28,TE019,87,427,130,4,10
2023-11-04,TE019,77,413,280,2,15
2023-11-11,TE019,77,418,279,1,0
2023-11-18,TE019,63,405,278,1,5
2023-11-25,TE019,84,425,181,2,10
2023-12-02,TE019,76,414,169,2,5
2023-12-09,TE019,70,384,252,3,20
2023-12-16,TE019,92,387,257,5,15
2023-12-23,TE019,96,384,263,2,20
2023-12-30,TE019,95,406,142,2,10
2024-01-06,TE019,69,407,52,2,0
2024-01-13,TE019,113,402,57,6,10
2024-01-20,TE019,64,399,250,2,10
2024-01-27,TE019,67,371,226,2,0
2024-02-03,TE019,71,404,187,5,10
2024-02-10,TE019,113,398,297,4,0
2024-02-17,TE019,72,401,133,2,5
2024-02-24,TE019,87,375,55,6,10
2024-03-02,TE019,78,388,217,6,10
2024-03-09,TE019,101,390,272,3,20
2024-03-16,TE019,94,382,129,4,20
2024-03-23,TE019,93,358,199,5,0
2024-03-30,TE019,93,373,162,5,15
2024-04-06,TE019,103,382,244,5,5
2024-04-13,TE019,105,348,295,5,10
2024-04-20,TE019,146,378,196,4,5
2024-04-27,TE019,122,352,243,4,15
2024-05-04,TE019,94,376,218,2,5
2024-05-11,TE019,123,348,76,9,5
2024-05-18,TE019,150,377,215,11,10
2024-05-25,TE019,120,348,139,5,0
2024-06-01,TE019,137,341,274,4,20
2024-06-08,TE019,137,348,240,7,0
2024-06-15,TE019,128,346,72,4,20
2024-06-22,TE019,101,355,286,4,10
2024-06-29,TE019,98,347,65,6,5
2024-07-06,TE019,115,330,224,3,15
2024-07-13,TE019,113,331,95,4,0
2024-07-20,TE019,102,357,192,6,15
2024-07-27,TE019,102,351,110,4,0
2024-08-03,TE019,79,334,205,3,5
2024-08-10,TE019,105,349,143,3,5
2024-08-17,TE019,101,346,155,5,10
2024-08-24,TE019,67,332,239,2,10
2024-08-31,TE019,79,316,150,1,0
2024-09-07,TE019,79,338,168,3,0
2024-09-14,TE019,107,338,249,3,15
2024-09-21,TE019,114,317,217,4,0
2024-09-28,TE019,99,338,287,4,15
2024-10-05,TE019,68,338,101,2,15
2024-10-12,TE019,64,313,293,3,15
2024-10-19,TE019,84,331,108,3,10
2024-10-26,TE019,109,293,266,5,20
2024-11-02,TE019,65,295,257,2,15
2024-11-09,TE019,82,305,86,3,15
2024-11-16,TE019,111,318,214,4,20
2024-11-23,TE019,85,316,114,3,20
2024-11-30,TE019,108,295,202,7,20
2024-12-07,TE019,112,304,77,4,20
2024-12-14,TE019,87,307,114,3,0
2024-12-21,TE019,79,314,179,5,0
2024-12-28,TE019,67,285,113,5,15
2023-01-07,TE020,17,480,277,0,0
2023-01-14,TE020,18,478,278,0,10
2023-01-21,TE020,23,512,178,0,5
2023-01-28,TE020,27,506,50,1,0
2023-02-04,TE020,18,472,123,1,0
2023-02-11,TE020,23,481,251,0,20
2023-02-18,TE020,25,501,160,1,15
2023-02-25,TE020,25,493,142,1,5
2023-03-04,TE020,29,502,78,1,10
2023-03-11,TE020,26,490,116,0,0
2023-03-18,TE020,21,499,85,1,5
2023-03-25,TE020,27,479,185,1,15
2023-04-01,TE020,23,464,55,1,0
2023-04-08,TE020,23,476,272,1,0
2023-04-15,TE020,27,462,287,1,20
2023-04-22,TE020,38,471,169,2,20
2023-04-29,TE020,32,482,60,0,0
2023-05-06,TE020,28,453,275,0,0
2023-05-13,TE020,38,477,244,1,20
2023-05-20,TE020,23,474,280,0,15
2023-05-27,TE020,36,465,118,1,10
2023-06-03,TE020,24,473,123,1,10
2023-06-10,TE020,31,476,272,1,10
2023-06-17,TE020,30,459,100,1,0
2023-06-24,TE020,31,449,152,1,15
2023-07-01,TE020,25,446,243,1,10
2023-07-08,TE020,30,460,247,1,5
2023-07-15,TE020,27,449,297,1,10
2023-07-22,TE020,19,462,232,0,5
2023-07-29,TE020,19,430,132,0,0
2023-08-05,TE020,28,450,245,1,10
2023-08-12,TE020,24,447,202,1,10
2023-08-19,TE020,20,442,202,1,10
2023-08-26,TE020,18,449,101,0,5
2023-09-02,TE020,24,449,111,1,15
2023-09-09,TE020,17,448,151,0,15
2023-09-16,TE020,27,433,63,1,20
2023-09-23,TE020,27,428,63,1,20
2023-09-30,TE020,19,437,174,1,5
2023-10-07,TE020,21,424,253,0,15
2023-10-14,TE020,20,412,297,1,20
2023-10-21,TE020,22,400,133,1,15
2023-10-28,TE020,30,428,108,1,10
2023-11-04,TE020,26,401,291,1,0
2023-11-11,TE020,20,421,69,1,5
2023-11-18,TE020,26,414,78,1,20
2023-11-25,TE020,31,427,128,0,5
2023-12-02,TE020,19,406,178,1,20
2023-12-09,TE020,26,421,240,1,5
2023-12-16,TE020,29,398,98,2,5
2023-12-23,TE020,22,409,210,0,0
2023-12-30,TE020,25,391,53,0,5
2024-01-06,TE020,17,398,161,0,15
2024-01-13,TE020,30,383,180,2,15
2024-01-20,TE020,20,379,112,0,20
2024-01-27,TE020,20,378,85,1,20
2024-02-03,TE020,20,396,143,0,15
2024-02-10,TE020,29,404,114,0,15
2024-02-17,TE020,20,375,234,1,10
2024-02-24,TE020,16,402,179,0,0
2024-03-02,TE020,18,364,279,1,5
2024-03-09,TE020,23,392,161,1,5
2024-03-16,TE020,18,361,218,0,0
2024-03-23,TE020,25,361,123,1,15
2024-03-30,TE020,23,388,123,0,0
2024-04-06,TE020,28,381,169,0,15
2024-04-13,TE020,28,349,150,1,20
2024-04-20,TE020,35,382,189,1,5
2024-04-27,TE020,34,367,92,0,10
2024-05-04,TE020,22,366,197,1,15
2024-05-11,TE020,26,343,117,0,10
2024-05-18,TE020,29,360,282,2,0
2024-05-25,TE020,37,361,262,1,20
2024-06-01,TE020,37,349,202,1,15
2024-06-08,TE020,32,353,129,0,10
2024-06-15,TE020,27,359,130,1,5
2024-06-22,TE020,34,368,242,2,10
2024-06-29,TE020,40,358,293,3,10
2024-07-06,TE020,26,356,295,2,0
2024-07-13,TE020,22,334,58,0,5
2024-07-20,TE020,19,346,269,1,15
2024-07-27,TE020,29,347,178,0,20
2024-08-03,TE020,28,321,265,0,5
2024-08-10,TE020,22,331,148,1,5
2024-08-17,TE020,26,337,156,1,20
2024-08-24,TE020,23,314,163,1,0
2024-08-31,TE020,24,331,54,1,10
2024-09-07,TE020,29,325,261,0,0
2024-09-14,TE020,27,314,273,0,10
2024-09-21,TE020,21,311,142,1,10
2024-09-28,TE020,19,303,194,0,0
2024-10-05,TE020,22,311,130,0,15
2024-10-12,TE020,23,301,245,1,0
2024-10-19,TE020,28,295,96,1,0
2024-10-26,TE020,23,331,254,0,15
2024-11-02,TE020,20,311,274,1,5
2024-11-09,TE020,28,312,238,1,10
2024-11-16,TE020,16,307,223,1,20
2024-11-23,TE020,30,296,216,1,10
2024-11-30,TE020,19,316,165,0,5
2024-12-07,TE020,23,289,202,1,0
2024-12-14,TE020,20,316,69,1,5
2024-12-21,TE020,27,282,182,1,0
2024-12-28,TE020,27,305,288,2,0
2023-01-07,TE021,78,495,111,5,20
2023-01-14,TE021,87,518,84,2,20
2023-01-21,TE021,65,494,189,2,5
2023-01-28,TE021,70,474,150,2,20
2023-02-04,TE021,108,501,91,2,20
2023-02-11,TE021,104,508,158,4,20
2023-02-18,TE021,94,480,290,7,10
2023-02-25,TE021,73,489,268,1,20
2023-03-04,TE021,98,478,124,2,10
2023-03-11,TE021,113,481,104,8,0
2023-03-18,TE021,82,467,250,3,5
2023-03-25,TE021,71,464,238,5,20
2023-04-01,TE021,92,484,182,3,20
2023-04-08,TE021,80,487,221,5,10
2023-04-15,TE021,76,455,79,2,10
2023-04-22,TE021,102,477,115,7,20
2023-04-29,TE021,101,480,234,5,15
2023-05-06,TE021,96,479,165,2,0
2023-05-13,TE021,114,461,120,5,15
2023-05-20,TE021,103,471,207,5,5
2023-05-27,TE021,81,465,74,5,5
2023-06-03,TE021,88,446,210,5,20
2023-06-10,TE021,94,468,264,4,0
2023-06-17,TE021,95,465,68,4,20
2023-06-24,TE021,85,444,261,3,10
2023-07-01,TE021,76,453,220,1,0
2023-07-08,TE021,68,461,189,5,15
2023-07-15,TE021,70,459,134,1,0
2023-07-22,TE021,87,425,54,6,10
2023-07-29,TE021,112,460,270,7,5
2023-08-05,TE021,80,446,234,5,5
2023-08-12,TE021,101,444,104,4,15
2023-08-19,TE021,88,439,238,5,0
2023-08-26,TE021,82,434,196,5,0
2023-09-02,TE021,114,432,274,2,20
2023-09-09,TE021,117,447,64,7,5
2023-09-16,TE021,71,432,189,3,5
2023-09-23,TE021,107,410,178,3,15
2023-09-30,TE021,111,416,78,7,0
2023-10-07,TE021,73,440,89,3,5
2023-10-14,TE021,113,413,209,8,10
2023-10-21,TE021,67,434,263,5,0
2023-10-28,TE021,76,423,140,5,5
2023-11-04,TE021,70,426,247,5,15
2023-11-11,TE021,65,403,125,2,5
2023-11-18,TE021,82,423,98,3,5
2023-11-25,TE021,76,413,280,4,15
2023-12-02,TE021,97,423,137,6,10
2023-12-09,TE021,91,399,135,6,10
2023-12-16,TE021,105,398,144,2,20
2023-12-23,TE021,71,419,184,2,5
2023-12-30,TE021,78,390,228,2,0
2024-01-06,TE021,110,401,225,4,5
2024-01-13,TE021,75,404,256,2,0
2024-01-20,TE021,94,373,217,3,10
2024-01-27,TE021,101,375,264,2,5
2024-02-03,TE021,113,402,216,3,10
2024-02-10,TE021,90,380,246,3,0
2024-02-17,TE021,102,374,218,4,5
2024-02-24,TE021,115,379,227,3,0
2024-03-02,TE021,117,364,58,3,10
2024-03-09,TE021,64,376,148,3,20
2024-03-16,TE021,84,378,114,3,20
2024-03-23,TE021,100,382,278,3,5
2024-03-30,TE021,74,377,286,5,5
2024-04-06,TE021,71,351,175,5,5
2024-04-13,TE021,88,384,75,4,0
2024-04-20,TE021,73,383,157,2,20
2024-04-27,TE021,72,367,168,4,20
2024-05-04,TE021,72,373,67,1,0
2024-05-11,TE021,70,361,249,1,10
2024-05-18,TE021,81,338,125,1,10
2024-05-25,TE021,69,369,269,1,20
2024-06-01,TE021,75,348,158,2,10
2024-06-08,TE021,115,351,141,8,10
2024-06-15,TE021,99,331,170,2,20
2024-06-22,TE021,87,366,110,5,0
2024-06-29,TE021,111,348,152,7,10
2024-07-06,TE021,96,341,101,5,10
2024-07-13,TE021,88,348,137,7,15
2024-07-20,TE021,78,358,118,2,10
2024-07-27,TE021,84,343,188,6,5
2024-08-03,TE021,91,356,55,5,5
2024-08-10,TE021,106,317,284,8,10
2024-08-17,TE021,100,343,57,6,10
2024-08-24,TE021,82,334,183,1,15
2024-08-31,TE021,70,329,242,4,10
2024-09-07,TE021,102,326,158,4,15
2024-09-14,TE021,85,311,151,4,10
2024-09-21,TE021,117,308,104,5,15
2024-09-28,TE021,83,330,188,2,0
2024-10-05,TE021,75,332,261,5,10
2024-10-12,TE021,90,300,176,2,5
2024-10-19,TE021,106,300,117,4,15
2024-10-26,TE021,111,307,245,7,0
2024-11-02,TE021,76,311,55,4,15
2024-11-09,TE021,90,322,158,4,15
2024-11-16,TE021,114,315,210,3,5
2024-11-23,TE021,92,308,163,1,0
2024-11-30,TE021,109,320,126,7,10
2024-12-07,TE021,97,292,117,7,10
2024-12-14,TE021,85,298,65,5,5
2024-12-21,TE021,85,280,102,6,0
2024-12-28,TE021,93,283,102,3,20
2023-01-07,TE022,36,491,172,1,10
2023-01-14,TE022,38,501,247,2,15
2023-01-21,TE022,25,482,244,0,10
2023-01-28,TE022,39,481,176,1,0
2023-02-04,TE022,23,487,113,1,20
2023-02-11,TE022,23,491,51,1,20
2023-02-18,TE022,38,479,73,1,10
2023-02-25,TE022,40,498,217,1,15
2023-03-04,TE022,33,474,173,0,10
2023-03-11,TE022,37,481,261,0,0
2023-03-18,TE022,31,465,209,2,5
2023-03-25,TE022,32,478,86,0,20
2023-04-01,TE022,39,470,93,2,5
2023-04-08,TE022,27,484,176,1,10
2023-04-15,TE022,41,456,268,1,20
2023-04-22,TE022,40,481,234,2,15
2023-04-29,TE022,31,460,257,1,20
2023-05-06,TE022,29,481,188,1,5
2023-05-13,TE022,35,452,130,0,10
2023-05-20,TE022,36,445,219,1,15
2023-05-27,TE022,33,448,185,1,10
2023-06-03,TE022,41,448,118,2,0
2023-06-10,TE022,38,447,132,1,0
2023-06-17,TE022,39,450,58,1,0
2023-06-24,TE022,24,459,215,1,5
2023-07-01,TE022,33,431,135,2,10
2023-07-08,TE022,23,450,225,0,0
2023-07-15,TE022,22,456,276,1,15
2023-07-22,TE022,23,439,194,1,5
2023-07-29,TE022,31,437,248,0,0
2023-08-05,TE022,23,430,120,1,5
2023-08-12,TE022,35,436,64,1,0
2023-08-19,TE022,41,438,176,1,0
2023-08-26,TE022,24,442,82,1,0
2023-09-02,TE022,22,429,66,1,10
2023-09-09,TE022,24,441,206,1,0
2023-09-16,TE022,35,443,67,0,20
2023-09-23,TE022,33,412,116,1,10
2023-09-30,TE022,38,442,172,1,20
2023-10-07,TE022,35,433,231,1,5
2023-10-14,TE022,27,406,285,1,20
2023-10-21,TE022,25,438,207,0,15
2023-10-28,TE022,39,403,88,1,20
2023-11-04,TE022,30,415,149,0,5
2023-11-11,TE022,39,392,85,1,0
2023-11-18,TE022,23,406,85,1,15
2023-11-25,TE022,25,428,169,1,15
2023-12-02,TE022,30,425,190,1,20
2023-12-09,TE022,34,415,140,0,15
2023-12-16,TE022,36,408,140,0,5
2023-12-23,TE022,30,408,186,1,10
2023-12-30,TE022,30,416,110,1,5
2024-01-06,TE022,32,397,180,1,10
2024-01-13,TE022,34,391,86,0,5
2024-01-20,TE022,30,412,163,1,0
2024-01-27,TE022,29,382,133,1,0
2024-02-03,TE022,38,393,271,2,10
2024-02-10,TE022,31,372,268,0,10
2024-02-17,TE022,28,387,280,1,10
2024-02-24,TE022,32,378,193,1,0
2024-03-02,TE022,34,397,95,2,10
2024-03-09,TE022,37,386,254,2,15
2024-03-16,TE022,36,392,112,1,15
2024-03-23,TE022,37,390,101,0,15
2024-03-30,TE022,33,360,279,2,15
2024-04-06,TE022,30,361,199,1,20
2024-04-13,TE022,39,374,103,1,20
2024-04-20,TE022,27,381,259,1,20
2024-04-27,TE022,32,345,272,1,20
2024-05-04,TE022,39,381,240,2,20
2024-05-11,TE022,35,376,120,2,15
2024-05-18,TE022,38,354,165,1,20
2024-05-25,TE022,29,342,117,1,15
2024-06-01,TE022,40,368,148,1,5
2024-06-08,TE022,28,358,194,1,15
2024-06-15,TE022,38,330,143,2,0
2024-06-22,TE022,22,345,245,1,10
2024-06-29,TE022,23,333,197,1,20
2024-07-06,TE022,27,336,211,1,20
2024-07-13,TE022,26,337,219,0,0
2024-07-20,TE022,36,337,88,2,10
2024-07-27,TE022,30,319,250,2,5
2024-08-03,TE022,23,320,286,1,15
2024-08-10,TE022,24,354,178,0,15
2024-08-17,TE022,29,339,176,0,20
2024-08-24,TE022,40,341,237,1,15
2024-08-31,TE022,26,321,185,2,0
2024-09-07,TE022,26,328,188,1,10
2024-09-14,TE022,29,338,160,2,0
2024-09-21,TE022,37,311,294,1,5
2024-09-28,TE022,37,306,103,0,20
2024-10-05,TE022,25,323,198,0,20
2024-10-12,TE022,27,329,129,2,15
2024-10-19,TE022,38,314,209,2,15
2024-10-26,TE022,36,294,268,1,0
2024-11-02,TE022,38,302,137,2,15
2024-11-09,TE022,39,293,76,1,0
2024-11-16,TE022,38,320,297,1,0
2024-11-23,TE022,32,304,259,1,20
2024-11-30,TE022,36,313,152,1,0
2024-12-07,TE022,22,308,285,0,5
2024-12-14,TE022,34,302,235,1,10
2024-12-21,TE022,31,288,208,2,15
2024-12-28,TE022,33,288,140,1,5
2023-01-07,TE023,53,488,168,4,0
2023-01-14,TE023,66,488,261,3,20
2023-01-21,TE023,59,489,111,3,20
2023-01-28,TE023,57,514,139,4,15
2023-02-04,TE023,69,497,268,3,0
2023-02-11,TE023,55,483,85,2,5
2023-02-18,TE023,77,502,111,2,10
2023-02-25,TE023,76,490,233,4,15
2023-03-04,TE023,62,504,295,1,5
2023-03-11,TE023,65,480,55,2,10
2023-03-18,TE023,57,486,157,2,0
2023-03-25,TE023,55,496,189,2,15
2023-04-01,TE023,76,484,140,3,15
2023-04-08,TE023,97,493,141,2,20
2023-04-15,TE023,73,490,232,5,10
2023-04-22,TE023,95,478,184,3,5
2023-04-29,TE023,86,477,103,6,15
2023-05-06,TE023,64,452,237,2,0
2023-05-13,TE023,86,444,176,4,0
2023-05-20,TE023,59,480,203,1,20
2023-05-27,TE023,68,464,214,4,0
2023-06-03,TE023,60,473,231,1,10
2023-06-10,TE023,66,439,147,1,0
2023-06-17,TE023,71,454,275,5,10
2023-06-24,TE023,90,457,170,3,15
2023-07-01,TE023,57,463,111,1,10
2023-07-08,TE023,60,456,196,4,5
2023-07-15,TE023,43,448,91,3,5
2023-07-22,TE023,68,453,268,3,0
2023-07-29,TE023,47,454,295,1,20
2023-08-05,TE023,53,443,206,2,5
2023-08-12,TE023,51,453,133,1,10
2023-08-19,TE023,44,448,225,1,5
2023-08-26,TE023,72,421,163,1,0
2023-09-02,TE023,46,436,212,1,15
2023-09-09,TE023,67,415,215,4,15
2023-09-16,TE023,49,433,124,3,5
2023-09-23,TE023,62,432,186,3,0
2023-09-30,TE023,68,414,157,3,10
2023-10-07,TE023,70,409,133,2,0
2023-10-14,TE023,63,401,209,3,20
2023-10-21,TE023,73,406,238,4,15
2023-10-28,TE023,44,435,146,1,0
2023-11-04,TE023,65,415,299,3,0
2023-11-11,TE023,65,417,167,4,5
2023-11-18,TE023,49,411,107,3,0
2023-11-25,TE023,78,424,186,3,20
2023-12-02,TE023,73,395,179,1,5
2023-12-09,TE023,53,390,185,4,20
2023-12-16,TE023,55,404,199,2,5
2023-12-23,TE023,78,382,164,4,15
2023-12-30,TE023,74,384,235,4,15
2024-01-06,TE023,49,400,90,3,5
2024-01-13,TE023,79,382,181,2,20
2024-01-20,TE023,51,397,250,1,20
2024-01-27,TE023,78,391,289,1,0
2024-02-03,TE023,63,382,200,1,5
2024-02-10,TE023,77,382,241,1,10
2024-02-17,TE023,63,397,171,2,15
2024-02-24,TE023,57,368,248,2,15
2024-03-02,TE023,55,369,121,3,5
2024-03-09,TE023,60,385,297,4,0
2024-03-16,TE023,50,380,245,1,0
2024-03-23,TE023,71,363,274,3,15
2024-03-30,TE023,61,383,253,1,0
2024-04-06,TE023,87,363,184,2,0
2024-04-13,TE023,85,362,246,3,20
2024-04-20,TE023,88,363,188,2,15
2024-04-27,TE023,71,364,89,5,20
2024-05-04,TE023,71,358,208,1,15
2024-05-11,TE023,57,370,75,4,5
2024-05-18,TE023,93,375,198,5,15
2024-05-25,TE023,67,344,195,2,20
2024-06-01,TE023,62,357,118,1,5
2024-06-08,TE023,61,336,156,4,20
2024-06-15,TE023,64,363,58,2,0
2024-06-22,TE023,68,363,159,2,10
2024-06-29,TE023,82,339,277,2,5
2024-07-06,TE023,65,350,191,1,5
2024-07-13,TE023,54,354,62,2,0
2024-07-20,TE023,76,329,197,2,15
2024-07-27,TE023,51,353,208,1,10
2024-08-03,TE023,62,353,167,2,15
2024-08-10,TE023,49,334,81,1,5
2024-08-17,TE023,65,342,211,2,15
2024-08-24,TE023,46,327,246,3,0
2024-08-31,TE023,73,336,82,3,20
2024-09-07,TE023,45,318,141,1,10
2024-09-14,TE023,69,322,72,4,10
2024-09-21,TE023,73,305,238,2,15
2024-09-28,TE023,57,308,295,1,5
2024-10-05,TE023,69,316,283,5,20
2024-10-12,TE023,63,336,179,3,10
2024-10-19,TE023,70,302,192,2,0
2024-10-26,TE023,50,316,97,1,0
2024-11-02,TE023,55,321,209,4,5
2024-11-09,TE023,57,294,219,3,5
2024-11-16,TE023,60,286,252,4,0
2024-11-23,TE023,63,295,120,1,5
2024-11-30,TE023,54,311,130,3,0
2024-12-07,TE023,47,309,131,1,5
2024-12-14,TE023,44,291,238,2,0
2024-12-21,TE023,47,305,298,3,10
2024-12-28,TE023,78,283,184,3,10
2023-01-07,TE024,55,488,146,2,20
2023-01-14,TE024,63,505,182,3,15
2023-01-21,TE024,48,497,101,3,15
2023-01-28,TE024,46,496,97,1,5
2023-02-04,TE024,33,482,262,0,5
2023-02-11,TE024,25,495,198,1,10
2023-02-18,TE024,25,472,54,0,5
2023-02-25,TE024,30,490,249,1,20
2023-03-04,TE024,27,498,235,2,0
2023-03-11,TE024,32,476,179,1,15
2023-03-18,TE024,24,496,139,0,15
2023-03-25,TE024,41,473,297,1,0
2023-04-01,TE024,38,484,99,1,20
2023-04-08,TE024,42,466,109,2,5
2023-04-15,TE024,42,492,85,1,15
2023-04-22,TE024,35,481,214,1,15
2023-04-29,TE024,27,478,198,1,20
2023-05-06,TE024,24,464,223,1,0
2023-05-13,TE024,32,474,121,2,20
2023-05-20,TE024,33,464,111,1,0
2023-05-27,TE024,29,452,74,1,0
2023-06-03,TE024,37,443,52,2,10
2023-06-10,TE024,23,441,279,0,0
2023-06-17,TE024,23,440,195,0,5
2023-06-24,TE024,27,439,103,1,20
2023-07-01,TE024,31,454,182,2,10
2023-07-08,TE024,42,447,221,2,5
2023-07-15,TE024,33,457,98,2,5
2023-07-22,TE024,38,446,166,1,20
2023-07-29,TE024,32,456,194,1,0
2023-08-05,TE024,23,445,271,1,0
2023-08-12,TE024,31,438,52,2,15
2023-08-19,TE024,33,431,121,1,5
2023-08-26,TE024,23,420,198,1,10
2023-09-02,TE024,36,414,148,1,20
2023-09-09,TE024,25,413,137,1,20
2023-09-16,TE024,24,411,108,1,5
2023-09-23,TE024,40,408,212,3,20
2023-09-30,TE024,25,407,282,1,20
2023-10-07,TE024,28,413,60,1,15
2023-10-14,TE024,40,405,256,1,20
2023-10-21,TE024,26,415,180,1,15
2023-10-28,TE024,25,412,299,1,10
2023-11-04,TE024,62,395,286,2,20
2023-11-11,TE024,35,419,54,2,15
2023-11-18,TE024,60,392,259,1,0
2023-11-25,TE024,63,416,168,1,20
2023-12-02,TE024,60,419,75,3,0
2023-12-09,TE024,63,415,150,4,15
2023-12-16,TE024,37,413,76,2,15
2023-12-23,TE024,57,394,97,1,5
2023-12-30,TE024,42,417,109,1,20
2024-01-06,TE024,61,382,293,2,15
2024-01-13,TE024,61,393,102,1,0
2024-01-20,TE024,55,392,270,1,0
2024-01-27,TE024,41,406,230,2,20
2024-02-03,TE024,25,395,259,1,0
2024-02-10,TE024,33,373,288,1,5
2024-02-17,TE024,42,393,54,2,5
2024-02-24,TE024,27,391,147,0,15
2024-03-02,TE024,33,367,296,1,10
2024-03-09,TE024,38,389,169,2,5
2024-03-16,TE024,36,393,281,1,15
2024-03-23,TE024,24,371,127,1,20
2024-03-30,TE024,36,382,207,1,10
2024-04-06,TE024,37,357,265,1,15
2024-04-13,TE024,39,363,254,2,5
2024-04-20,TE024,29,374,245,2,20
2024-04-27,TE024,42,356,222,3,0
2024-05-04,TE024,33,351,195,1,10
2024-05-11,TE024,25,371,119,1,15
2024-05-18,TE024,32,355,207,2,20
2024-05-25,TE024,35,367,296,1,20
2024-06-01,TE024,29,364,73,2,10
2024-06-08,TE024,29,348,132,1,0
2024-06-15,TE024,42,338,219,3,20
2024-06-22,TE024,37,365,58,2,15
2024-06-29,TE024,36,358,256,2,15
2024-07-06,TE024,24,331,235,0,10
2024-07-13,TE024,42,355,181,2,15
2024-07-20,TE024,23,345,71,1,10
2024-07-27,TE024,23,337,160,1,15
2024-08-03,TE024,33,344,96,2,15
2024-08-10,TE024,40,345,65,1,0
2024-08-17,TE024,32,315,297,2,15
2024-08-24,TE024,34,314,247,2,0
2024-08-31,TE024,32,323,167,1,5
2024-09-07,TE024,26,309,265,1,0
2024-09-14,TE024,37,341,176,0,15
2024-09-21,TE024,40,309,241,1,5
2024-09-28,TE024,30,326,249,0,10
2024-10-05,TE024,42,326,245,2,10
2024-10-12,TE024,37,327,199,1,5
2024-10-19,TE024,35,302,149,0,5
2024-10-26,TE024,33,321,104,1,5
2024-11-02,TE024,50,320,280,2,20
2024-11-09,TE024,36,322,74,2,5
2024-11-16,TE024,47,322,149,2,0
2024-11-23,TE024,56,293,267,2,0
2024-11-30,TE024,51,300,132,2,5
2024-12-07,TE024,52,293,280,2,15
2024-12-14,TE024,48,290,198,1,10
2024-12-21,TE024,58,287,297,4,15
2024-12-28,TE024,44,275,73,2,20
2023-01-07,TE025,29,489,58,0,20
2023-01-14,TE025,41,514,58,3,5
2023-01-21,TE025,27,487,159,1,20
2023-01-28,TE025,31,491,209,0,0
2023-02-04,TE025,31,506,145,0,15
2023-02-11,TE025,39,499,239,1,5
2023-02-18,TE025,40,503,232,3,15
2023-02-25,TE025,42,471,249,2,0
2023-03-04,TE025,40,485,260,0,5
2023-03-11,TE025,30,501,255,0,10
2023-03-18,TE025,35,466,73,2,10
2023-03-25,TE025,25,474,80,1,5
2023-04-01,TE025,41,494,283,1,15
2023-04-08,TE025,30,471,185,1,5
2023-04-15,TE025,44,458,73,3,15
2023-04-22,TE025,35,460,162,2,15
2023-04-29,TE025,32,481,112,2,0
2023-05-06,TE025,25,482,103,1,10
2023-05-13,TE025,34,460,55,1,0
2023-05-20,TE025,27,450,290,0,10
2023-05-27,TE025,26,465,193,1,5
2023-06-03,TE025,40,461,179,1,15
2023-06-10,TE025,34,472,296,2,5
2023-06-17,TE025,43,457,177,1,10
2023-06-24,TE025,33,459,120,1,10
2023-07-01,TE025,40,444,248,1,20
2023-07-08,TE025,28,457,236,1,10
2023-07-15,TE025,38,434,183,1,0
2023-07-22,TE025,26,450,244,1,5
2023-07-29,TE025,37,460,72,1,15
2023-08-05,TE025,38,460,159,1,0
2023-08-12,TE025,37,436,141,2,20
2023-08-19,TE025,31,425,111,0,5
2023-08-26,TE025,32,423,211,0,0
2023-09-02,TE025,43,429,78,1,10
2023-09-09,TE025,40,447,214,1,20
2023-09-16,TE025,33,440,165,1,0
2023-09-23,TE025,43,421,209,1,5
2023-09-30,TE025,33,408,284,1,5
2023-10-07,TE025,41,435,96,2,10
2023-10-14,TE025,28,436,114,0,5
2023-10-21,TE025,29,415,74,1,15
2023-10-28,TE025,41,429,146,1,5
2023-11-04,TE025,44,432,228,2,10
2023-11-11,TE025,30,412,205,1,15
2023-11-18,TE025,39,421,161,1,20
2023-11-25,TE025,38,426,275,2,20
2023-12-02,TE025,36,402,288,2,20
2023-12-09,TE025,26,389,253,1,20
2023-12-16,TE025,30,416,129,1,0
2023-12-23,TE025,34,411,207,1,5
2023-12-30,TE025,25,407,217,0,15
2024-01-06,TE025,34,395,268,1,20
2024-01-13,TE025,34,412,126,1,20
2024-01-20,TE025,39,381,296,1,20
2024-01-27,TE025,25,400,119,1,0
2024-02-03,TE025,36,390,239,2,15
2024-02-10,TE025,41,391,166,2,15
2024-02-17,TE025,36,396,198,2,0
2024-02-24,TE025,37,377,133,2,15
2024-03-02,TE025,32,382,80,1,20
2024-03-09,TE025,40,370,191,2,5
2024-03-16,TE025,44,370,82,1,0
2024-03-23,TE025,38,358,126,1,20
2024-03-30,TE025,40,363,230,3,5
2024-04-06,TE025,42,378,127,1,20
2024-04-13,TE025,35,357,188,1,5
2024-04-20,TE025,28,356,52,1,20
2024-04-27,TE025,33,374,178,2,5
2024-05-04,TE025,37,349,146,2,15
2024-05-11,TE025,43,365,238,2,15
2024-05-18,TE025,36,376,60,2,20
2024-05-25,TE025,33,347,230,1,5
2024-06-01,TE025,41,373,271,0,5
2024-06-08,TE025,30,361,222,1,20
2024-06-15,TE025,30,363,127,1,15
2024-06-22,TE025,38,343,54,2,5
2024-06-29,TE025,40,362,110,2,10
2024-07-06,TE025,43,362,201,2,15
2024-07-13,TE025,41,350,114,1,5
2024-07-20,TE025,36,329,170,1,20
2024-07-27,TE025,32,348,128,1,5
2024-08-03,TE025,39,355,286,2,0
2024-08-10,TE025,45,344,275,1,20
2024-08-17,TE025,25,314,136,0,20
2024-08-24,TE025,35,313,104,0,0
2024-08-31,TE025,28,326,262,1,20
2024-09-07,TE025,33,340,232,2,15
2024-09-14,TE025,35,341,65,2,5
2024-09-21,TE025,29,302,154,2,10
2024-09-28,TE025,37,336,139,2,5
2024-10-05,TE025,27,335,298,1,20
2024-10-12,TE025,40,315,273,2,20
2024-10-19,TE025,32,305,191,1,10
2024-10-26,TE025,24,301,256,0,5
2024-11-02,TE025,27,327,63,1,10
2024-11-09,TE025,25,301,101,1,0
2024-11-16,TE025,36,319,281,2,20
2024-11-23,TE025,26,290,85,0,5
2024-11-30,TE025,31,285,187,1,5
2024-12-07,TE025,40,294,166,1,15
2024-12-14,TE025,27,304,172,0,5
2024-12-21,TE025,41,288,218,3,10
2024-12-28,TE025,28,305,243,2,20
